Latitude,Longitude,City
3.432354505798756,-116.14310516736546,san patricio
-43.746286258767626,-57.70104583679512,necochea
-39.52469478909569,124.55214543138663,esperance
-7.379170232208125,74.99779231698503,hithadhoo
-20.484857239219338,-123.37915899445625,rikitea
10.627628627139899,125.2821429774583,hingatungan
-26.62748089668871,64.95266502096126,bambous virieux
74.14076367444389,-40.94665241265875,tasiilaq
64.34424871357254,-159.6165303771841,bethel
73.89094919487553,154.962695219151,srednekolymsk
0.6206025580774934,-94.33277757463912,puerto ayora
-22.856751818310826,-158.86680675655847,avarua
-63.11008157251748,-16.087557487637895,cape town
23.15405233776997,-70.41147856686858,cockburn town
-24.5956842506467,120.06434315685419,port hedland
30.233719110594492,-134.91890591878393,half moon bay
79.35693583195965,49.980780120684756,belushya guba
76.15572018863082,91.52497040259175,talnakh
48.74503603372975,49.896971389487874,inderborskiy
3.666414669524997,84.01494437834737,hambantota
-61.70794669017707,94.68836902103698,busselton
44.69942129790826,-101.92786762994453,rapid valley
-23.338292140849546,43.98929422444803,toliary
-81.97733030063644,-178.03719965286086,vaini
30.776699464689145,-64.13808566946943,hamilton
-45.75609291703215,115.55126525979728,albany
-9.50692008986232,-31.544579563571062,olinda
-67.09096580266612,-162.73834141652836,mataura
-11.41172856553554,-84.86613398667298,chicama
73.43442980295646,8.143776784155307,sorland
-79.46563294929112,128.98786447303019,new norfolk
11.20693903187086,-61.79641596336887,mucurapo
38.82000713172624,36.988151848579946,afsin
43.639983525279604,132.41489281792576,zavodskoy
49.082784957576195,75.89002153357612,karkaralinsk
-62.88581082773008,-121.6464490166262,taolanaro
-69.73421726253974,69.59476035289364,nushki
29.799786751958393,66.03722426610506,smithers
56.76282403053051,-126.97422245105676,cayenne
14.765406705170633,-41.21871898017929,gat
27.087315484814468,6.201591908311258,rawannawi
2.4281167311098812,174.76930548163392,lavrentiya
67.40878973166826,-173.27152508689963,the pas
53.53739945816929,-101.28131232816833,bhatkal
13.663002055453248,73.90650771915736,vestmannaeyjar
62.24473777203693,-21.134203855589817,nanortalik
61.430496225419546,-42.60099412014151,khor
27.072430815192064,51.98711888330442,tahoua
14.816841444931896,4.851955876431447,sentyabrskiy
-64.9537173392593,-153.86480639520562,mar del plata
38.44563030729202,151.91691129168623,shuyskoye
-32.34515160194603,76.01004844113851,hami
-63.094960804708826,-32.34715161985494,hobart
59.22934154516187,40.761050617363935,anahuac
44.523601635112755,94.48944622225582,gizo
-63.22828735039113,152.24312996696847,sioux lookout
29.34428104844133,-106.71403336502209,ushuaia
70.79020977771248,6.306944964355353,lompoc
-11.211114101011802,155.52439280206852,nantucket
50.92766206856504,-90.50509980313767,grand-santi
-83.86658271648619,-75.14326730979721,punta arenas
20.85283867771369,-132.75442148087558,port alfred
37.54117609449612,-69.36716053064538,qaanaaq
2.98645604874406,-55.96655693975049,shetpe
-76.77681484965805,-84.75349304555486,east london
-46.47747666775303,33.024421221088886,jamestown
-38.22861514820461,93.12354047705907,ahuimanu
78.18225069688208,-89.67704714540695,lebu
45.11644687111624,52.697593600636395,castro
-84.52711438494073,-24.073088874236532,bluff
-57.61821887145507,44.77406760776208,kristiinankaupunki
-10.246223393466579,-1.3878421644878074,jutai
25.38542000375857,-156.53858614173973,butterworth
-36.135072901218756,-77.54466449096475,katyuzhanka
-19.632387427585286,-119.6427044619259,chokurdakh
-75.91259504081881,43.50680807332489,saint-philippe
-43.84826424574505,-82.44550792895424,nizhneyansk
-74.37160413076404,174.4758182031103,kasamwa
-57.60172174765964,-149.61343246870763,mount gambier
62.267072646021916,20.01789896465297,coquimbo
-5.769615106667686,-68.31630317121312,harper
-31.98165611272821,28.188362242993747,guerrero negro
50.77088880098566,30.18551033913107,victoria
42.98056433230735,-169.1321392218395,opuwo
-30.85323557647301,-175.60867897116904,yumen
-21.2727680750597,-119.81478153037109,crotone
87.57788870056584,145.40336331723864,butaritari
-29.368307566052614,-20.404778144735303,ponta delgada
-65.53766181729515,-33.287955495351355,plettenberg bay
-66.07607198698463,127.48152792847924,chuy
-50.62231654870171,68.37911820706174,porto nacional
77.10408101025408,140.2007849761393,viedma
-42.64319488722202,-10.05034864750337,klaksvik
-73.99143617245048,70.87529420334474,qaqortoq
-60.65378472806684,-3.3827281368693605,trojes
-2.3129594444685466,32.39558745094837,comodoro rivadavia
-41.94516331544862,137.93934113381255,yerbogachen
-27.308010369132916,-85.60382593443734,kapaa
-53.64856571052872,52.40339244791571,airai
1.4580304797969603,-9.638253808615474,bandarbeyla
17.800369066064874,-129.36003379065193,manakara
-11.085937463004939,64.22073453272625,mahebourg
-79.76364724061497,-46.09493546614476,saint-francois
-18.016211770082805,12.439000766869412,samusu
35.9244862246437,96.75458827684304,kumluca
38.34759607334206,18.07538811820305,carnarvon
5.123381873778726,167.49645100664299,bom jesus
-70.70097547683837,142.18312491858893,saleaula
-76.12832917043858,-156.64046640472637,tucumcari
27.989417890659865,-28.48744671380365,bikaner
12.503772586931632,161.14645766933148,balkanabat
-53.874216163543565,24.709870226015056,touho
51.62246809394921,-41.2809364626215,padang
-57.33347669141458,-31.66940280162794,jalu
-10.883351928679758,-48.19534903016492,fairbanks
-42.24565238351523,95.53363588169844,port hawkesbury
-40.95899588329831,-62.23800388870099,maniitsoq
73.5992643392884,-0.8427559607772253,seoul
66.2503127191732,-44.444806518315005,riyadh
-80.52639834364092,-36.22609298871353,hobyo
29.415104788466707,-67.84418614535026,bocas del toro
14.094666225259104,-85.87294072903953,makakilo city
-46.20684893890582,-67.6086931451242,kruisfontein
61.40623669661264,109.56770154189513,ulaanbaatar
31.890578768788757,-171.31919658789417,salta
12.301510469559929,142.81377698178812,bay roberts
5.220254041591943,59.065103569879085,berlevag
-22.966354182018136,50.06401392153225,cabo san lucas
-86.21573939928149,-111.14652604807554,kodiak
-55.76237918109576,78.96240376532859,saint-augustin
-1.8164071928799217,-96.59163040934986,touros
16.731939318009253,-57.975596013044395,san jose
-70.12283187968718,-143.18655031627762,huarmey
-30.627388525112046,49.03958585179328,laguna
-2.5649053928473506,-165.2409312502722,sibolga
34.67204261170829,29.48263490036777,horsham
-37.70744246478965,103.79934725644227,grindavik
-19.578603275127335,105.15693379848841,siderno
-8.630066253816835,-45.195340891118605,ostersund
-88.49513284620909,-31.359341938143046,kudahuvadhoo
-2.5164398977134965,-172.23997497013337,hasaki
34.4784150910579,-104.05923110813733,khatanga
28.27801438089456,72.72548090512342,barrow
40.43867620180569,52.85061037013267,dikson
-37.44457545458894,62.20887612461371,saldanha
-20.100063488638725,165.660926878785,saint-pascal
-7.732753253096533,89.49675443175153,olafsvik
-54.72046656671068,105.87818235042755,severo-kurilsk
-45.97584524945518,124.20567101731717,tuktoyaktuk
-64.75588393642931,143.27343079633334,nemuro
-65.01232216559231,-125.43495078065217,mbanza-ngungu
29.114772233871008,23.001567352475604,neustadt
63.7811704091701,-145.2388572188755,ilulissat
38.05472373865797,-59.1993643875051,palabuhanratu
65.92016918497316,-52.27583050551638,maxixe
-21.583604223841775,83.69741494581967,pevek
37.594164021231904,128.03495101913927,port blair
-87.59116191374288,51.6571592755285,namibe
8.644157276287743,174.16845104389097,regina
2.5942629969531623,-104.05272072352231,georgetown
-65.30282702989054,80.50648458481777,nouadhibou
21.618784249954857,47.512206054892886,nador
2.261274023011964,50.05748252558965,trapani
10.43985282896135,-81.73805678634106,phan rang
-48.25620202295833,94.9219761527267,chara
11.461291143732282,-162.04675863712188,payakumbuh
-47.01069652437156,26.00324010660094,shimoda
47.307819092734235,105.85440438749242,rocha
-25.320007057404027,-67.78537296137921,paamiut
41.786182081224865,-52.72594011908215,penalva
80.66895398428554,32.296474167890295,pangnirtung
-53.3271856145555,36.827531119781725,ngukurr
12.340624434059265,-113.99500043704157,panzhihua
50.22808759637624,-157.50929363812259,marzuq
55.35745034958518,-59.94616359519294,raga
13.138637875086744,-122.9966530879409,mitsamiouli
1.7334519955306291,-24.651791036359953,gushikawa
37.25270745469247,-121.79858100896654,white rock
27.804742105505937,-68.64170388955328,amderma
-14.70035462811164,-87.16331721717408,the valley
-38.956885792008194,-36.15254531380151,isangel
-1.0419567799345089,96.67527645899548,rawson
-36.46091287337434,142.4897060928663,sarangani
55.717658730817334,-25.685920845841935,hermanus
-29.282254877103668,-163.89476423930904,jadu
38.510446039717635,16.362172269211015,port-gentil
63.7596408965409,15.592584962372598,ambodifototra
1.675284655675938,68.96058975442986,fortuna
30.82373652471719,155.21820608986621,ruatoria
77.54545369839167,104.12558425542318,tengushevo
-1.1996660522042504,-171.52913811539153,bredasdorp
82.98707812079934,-163.3607904280922,samarai
-37.79682886694453,100.82156429372793,port elizabeth
74.15474476811204,78.83242151213113,oyem
-73.43489673272792,-59.57453991408424,natal
-26.29382941709825,-177.58037430571213,nueva florida
-40.42374083869496,0.7119336623670449,cherskiy
47.251026724259674,-69.50827519244864,kaeo
63.41801305802164,-25.855506762815537,kaitangata
47.73786430226292,153.11484709030265,gobabis
-21.053348529241717,-155.77352360882577,sakakah
85.15300300192484,-142.2317819370225,fukue
37.68194296656412,149.64753938908484,ahipara
-5.663017931881754,15.237148115750813,longyearbyen
-72.41606150543299,-23.610255796903857,torbay
50.59499909732193,11.7698253946119,katobu
80.26195557048896,-42.08414492669817,upernavik
-20.09987636545692,-112.90961728323836,hualmay
-22.623398651459226,-174.05643105975463,narsaq
-68.98852161811746,-107.62981911624634,pereira barreto
-66.5940137429474,-139.05220358203863,meyungs
-17.575941614911798,99.20700092704385,ponta do sol
-58.55845521797694,-10.730297469348557,ancud
-23.572766130585478,34.769217545842906,lubao
-51.20635024500299,-15.199021321633523,hovd
87.34567513546108,168.65264799247274,beringovskiy
14.121754240306075,92.11142522725646,pacific grove
-10.593884486419014,4.101024887766187,saint anthony
-51.50179853912839,-157.2909571621955,thompson
-70.02020116882451,109.95881803469291,nusaybin
49.728547450640264,-104.91232131947511,shinjo
-19.61012560271908,-18.255658342720352,tumannyy
21.712543412982967,-16.62775923623653,brigantine
-9.127119195372657,-108.000555569782,saint-joseph
32.313898571255166,-1.1389461518608357,yulara
38.7117547865534,12.344138113395644,el wasta
9.899658096887094,110.53669499656542,hilo
-49.5540731341496,-104.27187907435471,arlit
57.10182889010537,118.25135114644326,yellowknife
-14.68034736575133,-105.64004807991215,kvarkeno
0.38343228676271224,100.88353682206633,farafenni
32.452465514672255,138.84336992762786,abu dhabi
-55.1139338585229,-35.10226639160476,ribeira grande
57.947656279123805,-51.44016539477781,ulaangom
-11.538606668255326,-94.45437381799628,arraial do cabo
-14.518261233632359,-3.186314458173115,aki
-2.9240370979061225,-45.72720709609305,port lincoln
-47.893021529830584,25.371836469920396,vicuna
-72.8832905787422,87.5679460241223,ostrovnoy
60.14505634686836,-59.78808249176929,broome
-17.002798077723284,133.72183023739404,louisbourg
-80.29253830133875,100.76913150962343,ekibastuz
27.001122361244953,100.46927872655237,walvis bay
-55.96761777229942,-173.80309238075003,khaga
-61.10237281078054,161.68518216211453,meridian
24.18910109639718,18.240321056132586,lagoa
6.832024300348408,24.93214158771113,muscat
-10.155343573397829,42.77235505791859,henties bay
48.77252282858851,-39.40054947467988,musoma
23.127046552678024,133.5493473694582,safford
48.947555256703225,-122.9651802351039,menongue
71.429683679236,62.53359894856774,bedesa
19.02534254704362,-62.32678841425715,russell
-22.690820048448586,172.13323108150894,sosva
-86.37534065240565,-61.17893033156642,raudeberg
68.59693158011427,90.76055462434721,barentsburg
42.220742177711685,-170.16108295380982,platanos
-51.406920283602744,-55.63894305731043,faanui
4.038548553832172,127.00241568875845,prince rupert
-49.40130267034692,15.76529682946122,grand river south east
-78.92609446507137,-38.136800181116286,peniche
-63.91996553495791,101.17816400772108,aboso
31.65298602497839,12.255244624479388,portland
-0.8839906371505464,2.1173646741205516,tiksi
-86.58541254265363,172.04157010330027,pisco
-16.99932755456652,51.81091019785575,mala
33.83691600189562,-135.7886007552627,kahului
-35.73759043903721,178.97054531589458,yagodnoye
54.5848909891244,42.71596680967792,husavik
-79.56908939394455,15.631466890641349,chitral
-12.645650536428008,153.53410318172075,balaipungut
-38.6473474221656,-5.199680787884802,yanzhou
-47.79095285313423,-147.91435816097047,luderitz
-85.35978396576917,38.620020104146676,bundaberg
1.8986240094070155,12.612705027095473,pemangkat
-4.313536868155197,-31.078078086281636,ialibu
-49.53621703493017,95.03499525608692,lorengau
84.3295904948186,-119.20277593547146,acari
15.394987243208831,-87.40547082047644,deputatskiy
-59.26234938028495,82.35262463140265,jacmel
81.95198292546829,157.0543869413856,evensk
-32.47921898410374,174.2474126782799,norman wells
53.15282079405756,-20.650922112842835,shitanjing
-72.28573181036964,177.58662311989525,byron bay
-80.65819471025215,-55.24164320571455,atuona
-22.018837027819956,18.310620663195408,san miguel
-24.950475835057574,-9.406060397191084,vila franca do campo
3.490349893184046,57.86738442099801,maragogi
30.452683854083915,39.477992010031016,alto araguaia
31.282326062842458,126.08570688234141,vao
-33.502759899645845,165.66724094304573,bandarawela
-21.700396885127873,107.51384612280322,verkhnyaya toyma
84.43989248599883,22.770935294696272,dzemul
49.628491381286295,-45.89852775491926,formiga
-56.225798418721936,113.68040028251505,jeannette
-77.37153231549186,-84.20802537331032,le port
71.0916982256457,60.109077011966235,saint paul
-77.56392283605217,106.92593379274382,illoqqortoormiut
-4.672238937117697,124.13101768378516,praia da vitoria
84.42459677216178,-49.433112335071,gallup
76.505979459634,-160.27815505921805,basoko
59.610121420512286,-35.30365606504654,jiangyou
-16.30750783356912,-86.51207951168537,dianopolis
79.0112427223408,-61.15670689986469,takoradi
-38.3680477658867,5.20513347192329,awbari
35.00702304186596,-69.53386851698357,itaituba
-20.5836292784969,-50.84358026525635,yarada
10.677254610845424,131.82662421954706,axim
-53.19972053181069,-101.81784428183936,omsukchan
83.64189340192706,-42.31704883114702,anadyr
16.39762713695073,-31.804771929538617,tupiza
81.03408400165455,31.854302658940668,tigzirt
-40.884142291359886,-103.31852165320895,ordzhonikidze
-4.168983109424474,25.443698518348327,halalo
-57.2861733422561,-125.61908896891781,sokolo
19.274603302461372,161.49735747843448,tevaitoa
42.206257035620666,104.19040810387378,khargone
56.93661539327556,175.61609196230228,nikolskoye
-33.51867717432443,127.40184787177947,itacare
-29.286417142904128,75.44191395405178,ugoofaaru
25.317889981445376,-135.95919955174645,kavieng
51.7267285191902,-55.06990153289699,gilazi
-72.76640919314258,132.97857531505275,corrientes
64.42562276623323,-95.20320391437114,charters towers
69.31384773330353,-132.46381196286177,muyezerskiy
36.409332840914445,41.1823070126496,tabiauea
38.760711851453664,140.21561458319758,mastic beach
87.94308579313088,-83.74831028530734,port stanley
70.60080945594649,37.39665302106732,tabas
37.96839605926314,-72.45516819657388,selikhino
-30.58589814234241,54.880895727877174,mecca
60.29944897480587,-18.44523062179087,benguela
-24.83564787354129,131.20416245772833,cidreira
-43.069126928468236,-124.01517345557012,tuy hoa
15.783920742136289,-41.421187216739696,brzeg dolny
25.595459823097727,176.3897653031646,ketchikan
29.187120376330824,32.04496183339063,son la
-25.057748493895872,111.47241320085249,uige
-72.26860401569161,-122.43542410546672,santa rosa
1.814409223453012,-154.43164772531267,bengkulu
-1.1961083261823688,4.355812786630281,sangar
28.621207907548026,155.97483249547622,codrington
-47.786688680886606,-66.97630847692612,provideniya
3.480366593087865,53.32975572435211,dzhusaly
22.12624899343416,6.328565532604955,jinchengjiang
79.1494306881608,-111.44708155050337,manaus
-39.54917409295415,-105.5673281848918,armidale
52.047860368862274,59.627812378553244,hofn
13.282254849324332,-15.432115732508208,asau
20.937169649814706,54.53601429695257,praya
-3.3428771384260045,-34.049769961717914,miraflores
41.429842810976794,-38.6156686912266,oksfjord
80.6376806321882,136.48624829867492,samalaeulu
49.16029067839915,92.64304537605005,aban
-54.416182084349536,-141.18221002857297,talisay
-36.78955592984391,-109.36680773925437,nyaunglebin
-43.42448560577278,-21.364485639122137,clyde river
33.24601622581599,133.84630816196392,vaitape
-59.643104307955056,19.36280000616142,sitka
-54.90876052570371,-88.40897271762968,bordighera
-9.630476716691234,-26.318333488936048,alice springs
-39.24235724735179,134.0087543420264,vostok
-44.14419943120666,-108.89051134433181,betare oya
-40.48725178295444,-17.079763868099633,sobolevo
-30.566381105021463,-70.15831893376459,zadar
-26.021331642271292,-114.87919351051845,saint george
67.07835862378252,-158.61406012389585,belaya gora
75.06815033530356,39.31288330615121,lolua
-26.353832630504606,63.16562084991281,neuquen
-15.016675035649769,123.32923756565401,beyneu
38.94117984166817,-58.57390563396645,talas
-49.206974123678336,122.44986444612618,college
-45.8531564806549,-39.264323486657446,pitsunda
51.882461069092955,75.57318751205526,zhenlai
-26.50010455397007,3.462216150299554,mama
89.06533432363466,-69.59965753545785,bathsheba
16.99969221966053,-171.05811857054564,banda aceh
-70.4263140613215,-7.916895876616138,kasongo-lunda
25.885101598239856,81.06193672147782,northam
32.22452675615577,-88.17564031337147,meulaboh
48.7535984650367,-34.382642064940995,santo antonio do leverger
24.48378371848561,58.70529947786969,humberto de campos
88.11395835349896,172.05426865893475,kakching
-77.27709209769007,-43.973388541727815,port keats
-68.29689728908869,-19.788391354098906,kiboga
-25.368195316059428,-146.3632635595037,kutum
-22.328919957271367,11.359949692487419,ayorou
-0.8069251995787567,33.810297043361345,lawton
30.141426108135008,152.16966989717224,korla
32.64960662037221,-109.69029557867468,nago
-15.643678475464156,19.42808325240796,alenquer
-74.31829709831565,-156.65787793985453,dwarka
8.464361373781287,40.97029744132459,aksu
39.87546514165294,-172.15276440841672,erenhot
-70.96694661367957,-80.61057594939025,puerto escondido
-31.072373810876478,178.27119019677963,barbar
-53.77609332516292,-44.72029249029899,karratha
74.96397488079927,-131.39483182337761,katsuura
77.18116317414746,142.9994577843944,souillac
-55.79783616096975,3.839988515709422,sofiysk
-34.55498881857002,166.87588300059372,tilichiki
67.89153536767739,162.4130024086008,himi
59.73078803602138,61.668873813789844,cap malheureux
70.64837896131814,0.40702861114459665,trairi
86.75135400599217,-3.552268027485667,san-pedro
88.58438421124401,-158.63177645137648,santa maria
-59.58359597730828,-96.69826921455208,nelson bay
35.380520586917825,22.882268102730563,jackson
-78.29524863334862,-62.0644927256771,roshchino
-49.991902703699054,66.6851607394477,iqaluit
-67.21895657357535,100.30860492931612,salym
-2.406463388787259,-152.88316046043536,miranda
50.123252247169404,-133.18846566052954,asosa
36.70068187814117,-34.24585835117233,tsumeb
-22.283655314817125,67.2381224107983,areosa
-13.041753556643926,-106.03129907339816,ouadda
-47.51482518866722,-135.66433739089177,mananara
-55.46019170785415,-14.18758835430836,sisimiut
40.13981061705897,-11.769692546046997,vila velha
23.98464876206664,47.86340180045991,campos sales
5.327183373177149,-1.7632428731604648,starozhilovo
-1.1252147799831675,-7.742967065106313,nguiu
-25.394296774406143,-39.216075992059274,akdepe
-42.72011235760711,138.51408252773092,saskylakh
37.074788937143694,96.26734024554804,flinders
84.08838001840499,124.49406394629631,winneba
-22.361942674720197,-92.1493939580478,shahrud
-78.73526973775856,-34.59398544117906,lusambo
-57.66830152544983,-12.552218424921193,asyut
-43.08544089026752,29.490303834787795,caravelas
-77.35266877623349,-155.4450348802731,beloha
-56.030342746304214,-162.01175376121643,hirara
-1.4687733205225868,94.89414868599937,tuatapere
-12.742127849380438,-76.76991228928489,shaowu
27.861542585735705,165.5633227256098,svetlyy
13.006495761597833,-144.37502759619582,suntar
31.239879742670325,-149.07333209282635,tsihombe
63.933512391400114,150.01974180897776,yangambi
77.25954396514086,-8.361706087727839,mys shmidta
-34.06842275055189,74.67337686206417,solginskiy
35.79070853731268,70.95634606874819,grafton
80.81807404582031,104.60406964909652,pontypridd
-11.44686108734551,0.960785393028516,thanh hoa
-56.135882527489315,-173.81861645432346,wadi musa
0.8173457081294657,101.44953360105694,port macquarie
-76.21580594555499,157.63451539499476,claveria
-51.019782054584375,-179.23991043474098,itarema
-36.687837023476625,179.5297629490825,dudinka
-74.06021789019135,19.87239783126799,barabai
35.49118835312939,116.85885113085652,vardo
-32.935876696458145,106.94855736276662,malakal
-88.78996213755738,19.546021152457428,solovetskiy
-32.81859827794941,5.56645592848642,villa del rosario
85.74810581884338,-102.36840133272062,tete
-25.443805716245777,151.49520111620512,andenes
-88.0065805210467,-89.58752382039707,haines junction
2.0429623025366226,109.32596306171274,wazzan
-55.146350562021155,93.23784155435061,ukiah
-29.56721771861789,-104.2568912204822,kirakira
-23.650685703083255,-94.91120155203315,sept-iles
-6.895673141794532,144.58417490537852,baft
-1.3470672615122368,147.190028030762,ulladulla
-17.489208590001596,-75.69564910188322,peleduy
73.58664900509643,141.50859405957817,ambulu
-75.50960196069322,-121.48865977521515,waddan
84.21089991817286,-47.54969608182668,manavalakurichi
-38.866640023545486,-116.05226662078802,artemisa
-54.43779579342147,135.75993752533276,front royal
17.327807818854012,-72.6596888032199,lucapa
-71.82312619691636,-21.392540235788914,cabedelo
63.51034637740625,159.87803221903835,palmer
69.57780719218346,-121.17742166331135,kundiawa
27.300637965405556,10.150397493731958,buala
40.66969865427993,104.03115264220116,marcona
-26.543302345296546,160.25305366454546,chilca
-51.511881411884545,-93.05718434609967,bambanglipuro
-2.476860022215874,-136.66735471495468,leningradskiy
-77.80851015847976,-167.2284885106414,arica
-17.343104957153002,-61.23776914634075,millville
36.701288372287635,-24.034167022324027,guayabetal
-16.904508792986817,-24.380201046204718,karamay
-45.45238727977092,101.93243051134334,kununurra
46.282385436795494,-115.0999144043267,te anau
-35.57397194470567,-103.55453267117643,astoria
-18.09594654110714,-53.546230200104574,naze
86.71454988706415,-82.3091426424312,auki
-24.461879094129884,169.3788586873245,wairoa
0.4798397721692709,-90.33130399057153,xuddur
29.172371709227676,-170.01602241488825,taoudenni
6.898878120559047,81.013928585879,leshukonskoye
62.51971499510381,44.860933369446485,novyy urengoy
21.85724573490465,-89.32041324897415,whitehorse
85.259796034765,49.430392516596044,abu kamal
-82.51896426714485,122.74358166797924,svetlogorsk
20.740120864214333,-108.86387844167008,cuenca
88.26128885001208,73.44848494987005,upington
-20.672826447465184,-45.58959392468901,colares
40.34477954488955,-79.63453616757234,dingle
-19.942867825321727,53.141122915862354,garowe
65.56406232604334,-27.793004158893297,general roca
-51.05605648774886,-177.31748921772066,sable-sur-sarthe
-42.45506027987329,30.83191007709962,san julian
54.73397297597293,-111.45197330854988,altay
89.48521348972122,-31.662542148004036,san quintin
-50.088486161843605,-156.1175576090062,bilibino
51.54454405212189,-28.63753375923801,cugir
43.650283389353746,-24.536188311560466,salalah
88.67846245959606,6.664031108027075,egvekinot
-53.7082334725871,-5.045125861106101,hibbing
85.70851245513936,80.56428314632092,bogorodskoye
-72.40554947208459,-101.61506939722824,pennathur
35.90234640333247,-108.52479326835662,tymovskoye
15.685887868722688,-152.1002599957816,leh
0.912146886029717,22.78798995499787,libres
32.745018590023946,103.95459881465803,tambopata
50.06517010474175,153.33204960378407,andros town
-61.21973612094834,130.9244481282156,kavaratti
5.847734726768778,-132.08197552592407,zhigansk
82.40329727830911,2.655323115993241,acapulco
-70.61341451568107,142.0246036358173,ballina
-11.173487036839532,-46.959457926335006,skibbereen
-2.5310906171067558,-1.5095240112295016,kindu
27.74809721434886,11.410019610657315,hirado
-4.835857434291128,-55.462937488592914,gazanjyk
17.204361244100312,83.81906735188664,togur
-4.606326919972915,-3.426117748611688,lubuagan
-40.33679384800256,-94.78490988616038,dapdap
-55.34440428101271,-20.15051413152142,honiara
-82.95669133317587,-60.33485400987988,muroto
26.75907115487624,160.60676693762025,tasbuget
-52.496706713342455,115.97274517185929,nikko
60.78165442510391,156.82978526019178,pokhara
-86.04849558460089,4.871605375426213,aswan
62.233385020705896,172.28100770133386,lakselv
-21.405153974926236,-65.46635875835449,antonina
-7.988126690933711,-1.8708132790079048,semey
37.82999034558816,3.7241583503746654,santa cruz
44.14288668554926,35.56140761165176,taiyuan
85.05470959180059,22.485762453357722,tautira
-59.49566801692355,-16.711717077130828,shyryayeve
-15.254949859868276,-176.53736209382143,gamba
16.235928931782624,-5.366178852433791,lemesos
89.62101901758876,49.67637363899567,attawapiskat
-18.379627282936937,-151.8204131822863,goure
21.696400045338038,75.71941025114947,roald
39.87725683346699,170.87001882524555,victor harbor
-14.530717587255538,-38.43900928056641,portomaggiore
5.000889579129463,62.091925043648104,caracoli
-0.4643177816276278,-94.1209498559985,broken hill
17.59332954031413,154.7647738592915,kazanskaya
-68.89646173123532,-107.33043322149486,salima
-59.02564060340859,-65.37623608457164,deep river
40.89118495906408,48.98088225503716,boguchany
-86.25112108122714,82.36144856199684,mombasa
83.95035424317581,-87.2853760755939,zheleznodorozhnyy
36.36554117444574,152.22749687157074,kingman
-27.569202394569942,-58.63615726281866,warqla
-20.19934022019889,144.80163307967052,qui nhon
64.16172440448133,31.92907768216304,umzimvubu
-56.40469266927759,24.172583960632494,upig
-0.15860131987169268,165.41933803213294,nocrich
18.3969204396617,-54.70883858144714,yerofey pavlovich
-61.96732676521283,-1.0777572034670584,juneau
39.77336857510008,-72.66222358458322,magistralnyy
42.242209861654004,-81.33921650998671,iquitos
-28.014703697830917,-11.000594247879576,san pedro
33.83174870287999,57.69898243950561,tual
50.284534646590544,137.4075814347667,eruwa
8.932437799183305,-132.2857128446689,inirida
20.99279299338879,39.73316714946412,dzoraghbyur
9.04655857448354,-109.62634442880844,san rafael del sur
-11.599546708035646,8.814742274370047,kieta
-41.55218537946833,-37.91582772764704,tubruq
40.24781231060123,92.64764324895754,alpena
13.304831961168787,110.76840668458959,pierre
51.182384408344575,16.605424629265485,hove
-68.0203300932033,124.15339543959885,xining
14.705094335427646,151.28442377922397,ibadan
66.42994504940984,-42.49376471885955,gannan
-22.44037676469948,-174.69348742396562,saint-pacome
-31.933123010335585,52.73423303281652,regidor
-52.51982938827993,-44.19376851526218,cedar city
50.652721548240606,-135.01368513436256,mackay
40.670598136957466,-42.316172825322695,ovsyanka
21.31750272849068,104.12431072236137,sibu
-6.884880489036476,14.959514675800364,nioro
-40.613159828529945,-130.75532687785883,yeppoon
27.61023470885685,-39.75785180329325,kijang
46.72170898998621,-171.19433302248956,teya
-84.44249096538682,139.47370122621072,vestmanna
21.565431168200874,-128.41371860232238,anloga
-80.0503920206911,130.56464974332874,serebryansk
-78.06060503150272,-88.71505095232041,ankang
-76.64019854196165,-156.74358051555367,assiniboia
-78.06540527844048,-166.6880856641982,puerto maldonado
-35.823773561952905,-65.1342799905928,tarudant
-23.6390161706654,88.52574764311805,hermiston
56.897756673500965,-29.389595054539797,aden
64.98343805499329,126.47012948729002,almeirim
23.416297358560143,-55.96373234579576,progreso
54.94300056679933,-90.60408478861329,sao francisco de assis
45.45753605703996,-179.08515950591092,bafoussam
-69.51182143019909,97.84925464060302,lewiston
48.52114790071471,64.3474534822544,palazzolo acreide
-24.824183926000032,116.09063209269448,margate
24.86423307259463,108.29663683806353,lalibela
-55.366737049774855,-148.99195045934388,erdaojiang
-0.9425324890923292,-60.15226078471501,vaitupu
-73.36731223504768,-66.19511967032477,ilo
-42.2159795124892,-27.764041294702253,beaverlodge
-75.33753233151141,96.8182350648882,leghorn
24.188716056599475,-66.22192386205359,qasigiannguit
-29.926060552954937,151.72070730617196,haga
-50.779323123660156,70.5754459703839,dunmore town
-45.78389412541804,-119.3556563322102,sydney
41.018566052471016,-18.04486760274716,rawah
-82.02322451284361,-50.62431782021537,sorong
61.381698833418625,-16.51542214339696,xinzhi
-10.996932484600677,175.95159630207797,fatsa
-10.928641550843878,116.97116888916003,amarpatan
-0.5093339296623611,-71.81067362616379,tocopilla
69.49924972616867,21.97722116835999,bargal
-76.03622964129316,-13.874748907380308,vallenar
1.8833753539579874,-163.65782007000755,yar-sale
56.73287847955277,96.28705485105388,caramay
12.990005258765208,122.68187873529018,marsaxlokk
4.825927853308286,-136.66687929262955,fort nelson
18.048269268685175,97.2014992742561,morrinhos
-37.026304840570226,55.353261935549995,trinidad
69.40491024288454,-79.88428392147948,yakeshi
67.12424357552459,1.751749214538222,havoysund
-16.916077848480384,-156.61709116153554,
54.05678768386716,-137.45880272493193,
43.26694546203669,7.702772048524167,
-9.432292289133372,-106.10932815271718,
-27.136649510235515,134.78406898036923,
51.75792363240467,151.08306113805662,
6.140128507167347,13.425581547193275,
-47.44172909010479,90.83051607041415,
-46.84537538474429,-59.668144695948314,
-34.22065617085889,107.72765625051682,
53.48784399004359,155.7752188790928,
-46.88252458209862,135.00645947492131,
21.69236842331148,163.24387737802147,
44.02383829334977,15.333741333517594,
88.14637401674753,-144.86452243548842,
-21.446621834043768,-141.5575497918426,
25.050924474711223,-140.5229476878555,
75.75644577207757,-166.7177687104491,
-17.552431293075358,-17.187308630784855,
-0.6373066273289254,7.17613633487008,
32.2175751511632,-56.83559009488232,
68.84455616321205,144.13244219358836,
-0.6878785753055183,-138.35980855598262,
-8.059547678857442,171.53994035029552,
-17.77107535819448,-11.041807931904572,
-39.312146822208895,-69.70305506508434,
43.42957990871548,56.07789570055195,
-69.30838692604901,155.67701229065744,
42.47099681307719,72.13015948296868,
62.88978955541299,-17.668579756335447,
-72.6188623730987,-81.69431725410205,
34.27250956001292,-133.65080227509173,
68.73625260900084,-147.66367303327394,
-55.81584670631351,-178.00120632984434,
-46.20487648972821,141.4290043098244,
19.723871807577098,-168.0898728962887,
85.31099056041367,-13.483742375675888,
66.54653750107525,-111.71982502174392,
42.42500482128037,40.513566843976065,
-77.72510392766802,9.833396301508571,
45.92123919998801,123.71872503736608,
-38.85479397054222,-179.8412653985928,
-87.60095594913504,-28.240981909602624,
-78.44905587967668,37.23618187209564,
59.37688647882919,179.40076170246215,
-61.76190473296886,152.24046354125096,
72.5952760114829,41.16977889958886,
58.31382281515809,112.29799783375506,
15.582848466825482,-50.69782453113592,
80.47292254954613,128.91809100753335,
2.1712942296774713,88.3041973515206,
-40.44318802052793,-112.83753117353473,
-7.516051478913255,17.537538706142186,
-4.464435048691499,-118.45348158778744,
78.11030550034633,-119.47571780704118,
-32.51049232153799,116.63576477763723,
-2.3461815792234972,88.26826992660085,
-35.501981304257114,101.27225393588571,
-15.918225368318673,-55.66255971255816,
82.19787907335859,-66.39286197404007,
-65.08158029305619,138.47581653270652,
26.565605039757145,-49.42620394293357,
-62.5221582969113,120.14011564094034,
-77.41780425933909,84.21608180602641,
-21.34087607874065,12.096562059080554,
-80.70758718212181,111.71665907731074,
-39.67162280386318,5.112844183222052,
64.88830394834017,-17.156143294056307,
-66.1881107755275,46.73612382263505,
-2.1236231486501964,-43.09259720770166,
-67.2623701199849,-28.78887174301451,
24.31225395473102,93.92143166520594,
-12.742089620698621,127.02574183261714,
-56.17468488694656,-50.64399331920893,
-30.41881519533611,175.08864892721726,
-61.63779509730753,163.82298350093367,
81.78302684477609,-43.7866885806653,
0.9662661178735732,31.96300332749965,
16.192380418653855,23.06123751849347,
15.789659089907474,1.112745267863943,
34.615378130382595,-98.32688359854684,
87.74877360396906,-103.75601981902537,
-85.12108920160769,94.6963750972912,
-21.633096807752352,-11.87035814141396,
4.073364638586156,173.2694695932347,
-25.199875299081185,64.94565356583891,
-80.89743942959161,-161.58641334233556,
-41.608664138516446,-127.97889345442377,
18.112689608029996,-53.40736353953771,
82.48783505661123,53.78910374922063,
-67.2712013525711,-138.2212751613814,
40.73343607152776,84.87575161551183,
83.6555582003304,86.50721016097998,
-37.532451908977656,-10.977304530030324,
39.22972281394945,126.1695919093375,
-41.58389973358453,89.76444137776042,
28.828277088480007,126.68509524080002,
-24.193377149884725,62.67824330533719,
0.5626691182675359,-54.74139400602239,
21.095666706953807,65.57903562629417,
65.56943032592153,-12.189542521313314,
66.06207338913208,175.21835230021998,
18.187911566858773,-115.3194930261844,
38.73542861592682,80.92798460256694,
45.15265187593309,111.61813906240974,
-39.958321957783035,-15.928287365601534,
11.134233927509243,-97.90038003927712,
86.267700232724,147.91599431615185,
83.9714757430493,96.63399676693757,
16.67925732339529,34.07416158322289,
-37.5535103603681,2.1235149870714736,
-20.406893250668787,116.19401569341301,
-50.688455210588394,-19.479022664957625,
-32.16354321721103,15.002209709522134,
69.61251913515838,-128.66192426926276,
-42.77130535051348,103.92426223069998,
-55.00895611691038,-24.312242971958,
-67.41336593673415,-175.74743755712393,
-56.92969347355971,-96.07897351806997,
57.60803086498552,-135.24635105377905,
46.68324368855636,152.1250957146097,
75.23547925184593,-163.23662053816355,
27.91569008244761,148.4157413429981,
-63.2721073498186,-46.27845176495771,
-37.246680580352454,135.4569727211284,
-62.55275427947062,77.36770943641682,
4.138929048340216,-125.37515455434422,
52.52723543101996,134.0112295232529,
59.037174687478824,165.20012332444554,
-84.8880988725278,-8.921125785453427,
-77.53418963618138,-37.469027890636056,
36.92107530053856,136.9986290029134,
-81.63052493375292,130.4174329051856,
-26.816180153415942,-138.55530156850733,
85.28760367462291,-122.47144241214329,
-16.285163001350313,57.44340006390982,
41.932274954296844,-166.31399539332295,
-44.794373900945594,-24.299331105396988,
-58.60511435299493,150.80161555561125,
-1.7961493029270201,-38.79646073529088,
5.260673080416794,-6.991379988345301,
19.163229335512142,-23.066568251300964,
-34.794039064920845,155.43377137379383,
10.347881595439503,150.69083625474923,
7.257858345705756,178.2212314859185,
43.932544911215956,-110.05875038751259,
-18.481223124197385,105.29129026898647,
-38.86795262385775,-12.712760160241288,
17.446892096387543,-115.59116216053614,
-65.14083738986463,140.90564302843177,
-56.787362858928184,152.13335279163317,
55.223214792251724,61.332664316244205,
40.84196820137703,160.08593641934448,
65.3607271197896,-79.0692866007451,
59.14919544861499,71.89994371802038,
-19.980885356563533,-56.25626240835621,
34.106060654648175,159.99747828984232,
68.35897482644418,-21.069883375464116,
82.79491452637615,-137.69085091027063,
9.368869127059767,33.593840941107146,
-40.48652910525212,-80.30893350097945,
-18.10180120019227,17.44185430901001,
6.9158768240756245,-49.37809081868886,
41.14934573495506,-10.856306710460899,
25.936446822650055,-125.02056163221782,
8.932317797084451,22.96487085565778,
81.77342221007078,-125.10958039253214,
-64.17012147025912,114.20926233386894,
-16.017177291179948,50.033513340302875,
42.46632870532204,69.9575405238422,
75.87407421304576,159.88578390994775,
-34.91201399330515,53.35077811780613,
7.5713145447032275,-118.30676263354118,
67.84351824591968,-55.20043632432706,
22.50207971226368,-38.70362772452276,
60.90700272770914,-110.79932544276255,
-25.54534327224475,-29.502911061806714,
-89.0377710457708,30.910346178218106,
-51.09760643075115,-76.87181618364143,
77.93769843850998,-40.968194023028076,
-6.870877360128091,-40.24243914385593,
-17.447561550739763,76.55417023092787,
-69.70570307090091,-123.61707870967399,
54.32297435363418,39.96675548623915,
-29.71033595915255,-101.36359933257759,
-60.87148766845999,-139.70698449852912,
36.80271061765049,159.1047854790911,
-62.512347833645904,144.54352007017212,
28.835603941911415,-162.09178564272122,
-55.43831337037383,-151.11305134007443,
-8.975304147644437,64.92763308682228,
-8.881539956160836,129.9394051820189,
62.576887957229076,-47.476181453123644,
42.29137782090217,58.97827251354474,
-21.5004603242094,-132.50775106682636,
-42.054572865336276,-111.03811820751359,
79.41590970581512,163.6447746913031,
-55.69468339451683,-126.82958307763188,
-53.69555702632821,74.43668936676454,
-14.729780057487318,152.1788744845113,
76.10088689849229,115.01777151562328,
-32.88285375051611,135.56816337848358,
3.499288107353351,0.5680336575238982,
36.40811830990242,55.157684093875986,
-81.7235165209681,-166.79636233376527,
-82.24237301924707,-128.50128762408906,
-63.33091747495487,-66.74309604599232,
-6.08692695945642,-98.77019210721396,
-44.16093621367256,63.698381480860945,
-5.322413016345934,23.04209659337326,
71.92140135411984,-109.8591662072114,
48.439762710090434,171.8275162263614,
6.135293113815067,169.26354086411317,
-40.98288723459037,56.22879953109356,
-34.34069112731157,61.08053529373751,
-62.828785904457064,-36.784916211029724,
24.965658436032044,27.61299902530004,
-36.33813582572556,48.96922937540933,
-19.277969329167206,-30.82075283032458,
-30.619197238017748,40.80057030420045,
26.826801538904817,125.24281916875935,
-46.84573308062344,157.54529680580964,
-39.76204274045074,78.88716409153511,
-52.70761445257621,-13.344520782023864,
-56.599196760741926,-165.28878937738492,
27.822442152254197,117.86306503898106,
-69.24500199976288,150.1086036741068,
-43.032026922210676,-154.71032068688436,
-1.61481856065096,147.50883666441808,
48.98907767537665,62.45774418056584,
54.25098638685466,155.9651308943932,
-11.927642589663975,-119.4310800885774,
61.42584972378205,118.62930785585161,
73.82265665740164,77.44460645638372,
-19.682481358791293,-118.99185416860529,
-52.63629533680262,47.40889624189637,
1.4848081589111786,24.576721881274523,
83.72372563313272,-177.6207979989455,
-63.59292528744818,-35.85564244216087,
60.8821652611835,41.55107070487887,
-58.21306236627396,-104.2339617007384,
-42.02569934215156,15.557672618550129,
-22.720281192042947,-92.63089218507126,
-2.7216648932450056,67.97260892774565,
-8.228464432165012,-127.91631753052874,
-79.4545289339088,-46.721772585533756,
76.3705564773934,59.49927845554848,
-54.93534125497995,57.15013027311167,
-21.207875657743358,-101.63047611992741,
-30.023569548438573,152.37617489201125,
-74.17401751568883,66.7815218471649,
-62.980337543852436,-45.441692311662166,
-85.42000767617843,51.163916126057416,
-31.44349363430139,-177.51470082790425,
-29.160642901827103,160.69586492709988,
51.54849721506102,-3.3544579796792107,
19.318080515055925,104.97022672932752,
29.88693555034854,35.758142688072525,
-22.113692077748055,-144.58232234257937,
-31.51844057630187,155.30626260670414,
64.62728999846365,107.0438387177835,
18.645980669708422,121.03729518671543,
-53.957321787110644,-91.20611705459888,
-41.44853145982138,44.31574950564632,
7.368193963466879,-35.95531181432102,
72.64008180227103,85.80041162327558,
-2.0972542846539426,116.11871429740421,
-12.092984328412442,-139.60748069653343,
-59.999342968620425,-168.78384957723358,
87.48978507145051,37.18985731338924,
9.915543556233871,32.77769716026387,
-53.953040125287195,-131.88847264828945,
89.01658536014693,-80.0924995201399,
-75.08772579219125,-127.9454175907969,
65.19259322242675,36.274584261501815,
-28.881357556162378,91.01842040774369,
88.25044783875913,87.08721134602581,
-16.101991935419704,7.650626173642564,
36.79395081324115,-24.791203995660595,
-37.652029849201035,89.48698908706785,
10.81050819609844,-72.17464506441434,
-59.472823782348684,-114.87947467501185,
11.793568841934075,-170.60689488633176,
-66.43961086487636,123.66747572253968,
68.65995025939048,105.54727658613189,
-46.078602783368986,88.82040166931608,
56.55886896684538,-41.47242987339658,
-89.83050086746235,-10.513191933663649,
-16.14239894809097,33.96221517824637,
71.95811832491353,14.371592097517691,
-31.02965872558574,-121.96921001877618,
59.750920386639024,-138.77460787700332,
34.76085610282361,-5.178150275953072,
88.80493113516701,52.99959660696965,
-15.324373186160543,81.55019857198312,
-77.43115750778419,-32.854364907677166,
-21.179602474839058,-100.52577564258912,
-34.900954526941526,27.52621585083577,
-42.76620068629967,12.417657254373609,
-15.961338714717002,-121.16146548720177,
86.18813389803995,-83.03244950173391,
-6.587404416694767,-24.27141594286772,
-65.52563094825675,100.57999469028232,
38.62709422201223,-125.53768741652063,
-13.940882002900551,163.51845455051546,
55.939991146782205,-68.10596536696957,
-49.96158168391594,-16.76319350289762,
-9.588035980870345,-142.20691933433937,
28.377676395861897,56.21245027205944,
-38.64722208981551,157.2547542846488,
60.79084987162787,111.967706727321,
-72.96784804514644,50.26406356374275,
78.10892812831264,-97.73383131360993,
-3.1017184213034454,-144.67081917348114,
-14.04393445502393,-14.414076193510851,
28.41826935380996,-62.198518955025875,
71.32154226176232,113.72582410944273,
-68.83257867717205,-19.999059647298793,
-13.978050185691544,112.18688662295801,
-65.38664716678242,74.6506511595625,
64.3540054990911,-158.8181671627075,
57.126555850059646,-38.67068849413769,
-53.63645971625473,-59.49885112787172,
7.23321925130557,149.28385448088272,
-69.802207688041,-145.74631958095355,
-12.321226939070556,-134.31435044473966,
26.777236697862193,17.922636430559066,
7.792834000863138,77.2101410687311,
-22.27915675633676,85.58065433183441,
60.9122189175942,-13.654039059786015,
88.78945507157837,-33.07813450574906,
-64.42778342173045,157.93848236223698,
-59.92571967237886,-152.89554315668164,
22.659263197934067,-82.72565092593793,
-65.0459700992925,-112.60076097302833,
-41.99966185088009,-107.86211686436586,
78.68902533837337,-15.053053674573874,
63.23624950921803,-63.4950182932768,
-22.453603924591405,69.21759618686616,
83.87606122106536,-130.8658148428317,
-79.65027205567671,-144.90522632556753,
0.5557071619747234,94.50625983099536,
38.6640765558285,-78.23258703009142,
45.6815993091742,176.1722616000754,
-8.490236858440412,21.633263026402403,
60.872508058294045,-92.04473452206577,
-35.74287289161077,-154.65810275956937,
-71.12630797539688,-88.74355634778252,
-6.631256409909497,-27.629023680670144,
62.6279505920881,-148.77360376615388,
-6.175825098046175,144.54611070784074,
80.25272301196645,156.31109220495568,
-2.537630275841906,161.3570479283947,
-70.94742463291212,48.304137409758425,
81.48410855027979,-72.85430606922783,
-25.812456799600724,-89.42560755416353,
86.53322939408099,7.374762459772796,
25.914352129005536,-147.08761111048585,
-36.2206463542947,76.37615499001652,
-13.10827971394373,-77.58620355643976,
75.64979711721213,-39.057015499446294,
-74.60872105354746,-3.077281187382539,
21.819891882368978,-136.13252637098694,
-88.99211212339806,18.62735613776684,
10.375707660710674,176.3394022319918,
-79.77662492404377,-18.860385619763946,
-14.536404792963111,110.01511194850053,
36.06712261629988,55.8302604026743,
40.44580347500283,-165.80298576089703,
-74.19671199549788,-177.29323262044676,
-28.928020240259094,-91.93779027102912,
-50.087224946858335,-118.03132031002465,
80.28431042308617,176.22177595872955,
-18.359804359609072,-70.45027204806473,
-73.8301192139959,-44.98468913456122,
-41.805613174336756,-16.304322744628678,
-56.085733861363614,105.78265215045377,
59.06959875032027,-22.776110907219618,
38.97526338063847,-74.93535588649394,
73.42731832079497,-99.29424411814443,
-76.40724841921613,-57.14674008430052,
-35.26912474706112,130.46798154238036,
7.556685592164683,-158.01117968015134,
27.463263710627814,-132.5209292829113,
-23.173139971201323,55.79401468070475,
4.182867094994123,-73.89114818165001,
46.08255179265092,84.84385396781886,
-18.53197570747274,127.27120289827081,
-10.312861978265417,-166.8934278794734,
75.78126870223335,141.0551145266976,
-86.92292656605223,81.82908588300046,
-44.33146550831247,140.59075480130383,
-33.20923659450662,70.66468848562926,
-77.9607300513418,60.34115374075071,
77.20745421569899,-66.25236659254078,
-77.99599382139542,34.290321765880094,
72.51468141396907,-68.7688706794248,
-41.21616027736177,123.52998028083294,
-41.05659912370623,160.00830863078954,
51.59061213849088,-53.282248544109635,
46.45135103108444,-125.61950840415714,
-57.62165893849212,63.24908911934659,
20.02946251512354,140.7927857253274,
-87.52251745023058,-61.082994998630895,
-25.094129894731154,98.8187425449978,
87.61603675526601,9.585025224198603,
69.67520050025527,-122.73282012449292,
-4.925040664372858,162.68562656904078,
-86.51721501971754,-46.36251684385556,
58.35155467175525,-34.71325278981112,
-39.54223085252967,177.69236681056765,
73.5324723434895,-78.56128776645359,
5.08764239740978,43.40797377988625,
89.61605636881833,-22.78950729508219,
-69.65898900286855,-54.975411605364314,
26.08410038036942,-3.606850084548597,
64.80838998474798,46.94258470792201,
68.21318240491928,75.68146092188698,
-75.63716386687024,171.1505521108083,
59.965727826080666,-93.97077009456459,
41.9979279474276,-179.16403397551696,
60.58990633814403,-131.76176830985827,
49.62169431556754,-141.7183777909059,
71.80765723450367,-143.1886693017096,
-62.592199537702,-81.8590147576283,
35.33013812213461,-168.86950088428483,
-76.08023972891543,-92.92445461420509,
34.80687979529972,40.58222035842047,
68.11731394564242,89.96639394320204,
54.67787172017373,-19.864048173594597,
-30.239336683020603,-0.38088770829432406,
40.52674739193381,-1.7640002995202906,
70.95305042319382,-1.9645740797425333,
-64.54236203620621,136.97617706078137,
-38.68602888014914,-7.00182515012861,
-52.87513645545722,-5.78774846846386,
-29.103209037684692,20.37792212089238,
38.60220401384649,-10.88085916008194,
40.356148623357626,84.68101002182385,
82.44859132480605,-96.77110072092867,
-70.1112372550181,132.96932826150157,
-27.63192266402708,67.64518458665032,
81.58037683746167,34.30559375128206,
-62.89968001952844,165.6123320606663,
71.21019786351101,-57.70760142856322,
-85.58106328651374,-106.41169835393715,
48.57283757923662,-13.456525748795997,
-89.42985490708742,-116.68632603873218,
63.362853769146426,-28.149494037801986,
-10.452217754643641,-102.92812075710475,
-61.94498051923594,-32.50965067454979,
7.475292851258217,47.572637487727036,
-38.67697380578996,-65.55382202313127,
-6.324667857828246,178.4466371849661,
48.12213179372205,-0.26487892935040236,
-86.6662236201023,126.87168650961286,
45.454900482798564,177.34484575427098,
-18.084617571905127,-62.6164260650945,
-43.24331709273723,89.33424719721143,
80.68581049373392,-6.590937814361496,
47.02199552704036,87.60480081604959,
-43.58575124281336,119.06641771694632,
79.99225552264662,-137.14356629081297,
-25.962523762312642,166.70566171238534,
-33.73432844282439,80.38890479735085,
-70.30877027087418,2.152551479671075,
38.21449910874907,-170.77222919126348,
24.06412551839719,-124.12841490807347,
69.1033810743539,168.11504317409128,
-33.04714230885023,103.41489172981193,
-13.016130477700585,75.68945389997151,
41.6933809712138,-34.118478665416205,
-29.280082033709675,84.81866170467197,
-75.01047637133517,-28.61693027731613,
-70.02257976395246,42.329750853657856,
-78.90230183959997,-46.477850073859344,
45.69693021639904,23.388491826245286,
47.368539471478584,-145.56007099449013,
15.24703197852861,55.59977619654558,
-20.651613169409643,171.78346697356096,
61.25944543740448,-179.75497709415257,
47.044793634217626,-93.10526092019153,
52.09611322702878,140.6545060187084,
-66.49971627972859,111.10939627584742,
12.343934159742261,79.24684196540471,
85.93145875707276,-68.49315908444201,
-47.9075644449964,-15.003344451069438,
-75.2980063707145,117.72298832371746,
74.79377448771183,-153.28984876691587,
-33.06291580570324,110.08103539644668,
50.61675335639191,143.84471496154777,
-51.579135972472415,59.94951986864032,
36.180011235585155,82.48672349704327,
19.53696705217621,-97.67332350475553,
-12.721913478482563,-68.823752242102,
-56.43812494669902,-51.89598977987967,
-20.892141721591614,-16.3399968834768,
-24.726946553244247,6.994592575745969,
-28.000150090305006,54.69173054662045,
73.76978326682817,96.37144858791885,
-67.88067272309472,109.04449783232474,
-36.899057188322864,-79.93663489495775,
-2.6459009868774643,50.84512788385368,
25.072093788377686,-78.07303761820803,
-30.306666359361053,131.39453236679736,
88.27269110125403,33.85059442381575,
-19.869902322502952,88.13558011271999,
-23.303343758875428,109.62117575986088,
-72.10067675416555,-72.74693333980815,
-17.463322387287576,-84.61861201295015,
8.47910482412017,92.07581206436902,
-35.02395521115934,117.77562743281902,
73.22884124925838,-23.01510788523825,
-65.00118948801634,123.5597916009828,
11.252048788744759,72.92187908068223,
66.3301623107954,125.18619700855982,
-80.21950639113298,122.81308257189994,
-49.22695050585491,-95.70653525206356,
5.094360695916336,-105.54612650480756,
-62.998096397362055,94.7135327080245,
35.5672656554342,-129.90940502870018,
55.14590585024237,-9.604503450209364,
51.429628904562236,-9.4092586970541,
86.88116896621926,34.97552391820284,
82.18438538587492,-14.627574241813875,
-2.042684289042171,26.476750945261358,
89.5487826829499,90.36323404493652,
-70.65198628512233,114.66057579465974,
-68.25036131192046,139.82477648276466,
-74.30272791680021,7.772441019086358,
33.52613559571627,129.5997984049239,
-63.598959278759246,31.746608568674986,
-68.91451059334062,84.00165554290129,
39.45870022997451,55.57138307347233,
43.76443088550522,-48.5659501370875,
61.08242286922072,82.98979096752817,
17.318652640691795,121.24924107097968,
26.835878996746658,150.86405607340674,
-88.35613560347633,-2.369014719316226,
76.45229570452139,-156.73581492563142,
-27.46835023869754,-108.67495415467127,
11.918387206196073,126.1342408138782,
-47.62289054974372,-162.7335175786614,
-62.97276911929349,166.24429830098603,
-32.61350026039811,-116.87841935352418,
-30.896928770749554,50.09873416695498,
-52.14669888753827,159.74245781764353,
-12.856395208618522,158.35251712948605,
22.66107909405352,-38.266421094898845,
29.966200119389327,135.70560473198992,
-5.890636245369208,-55.34335469272828,
48.14830587622595,-45.22268810727533,
45.160983113166395,65.73671476983958,
85.43528302995429,-131.65899223082914,
-6.947564670271362,74.32576080857936,
37.12577634730454,139.42994467470078,
-74.81788426235194,166.88672898017398,
30.967306334655376,85.44979164789981,
-17.46208481380411,-1.8864985393250606,
-61.59562328278163,27.918277316636022,
84.56773791897524,-143.7213699751294,
33.51108550071061,58.05621522619518,
24.2802573757818,31.91489207469536,
-53.432496573938714,-93.35618533573827,
70.29896960151615,24.669109255256274,
-25.161235265498235,-48.80183760145462,
49.602586128352925,78.7995232966374,
-35.96436082643379,-102.23764053153808,
-71.1293865019436,-7.358772539612374,
9.971565216983308,-86.91870086071398,
1.7213707075442386,70.90155143930883,
38.377574200731885,111.63567035048567,
-43.154853268229246,-167.02933877687144,
80.69609886097498,95.58842771896508,
-57.396747391155316,60.784190459665496,
-76.97196250071744,-71.00387469195607,
-69.37904916208336,83.21832093590729,
-85.40506191380064,-47.00135796398115,
-16.551812972856226,-141.93732610298088,
-59.066914699028686,-103.49895121419507,
-55.343223261354,64.7254158518783,
-27.53165024239535,-91.22357363204185,
47.17510879081769,30.32228277701418,
-26.988338055481776,67.96237384703267,
-26.623918385669604,177.17284516157332,
-24.451775176042872,-158.9125977850432,
-3.9073037134367326,7.744756907070325,
-47.403716250338356,131.86275885277598,
-52.351189767071716,-153.6082760376476,
73.13748725917324,-176.15946668664986,
34.4749008507203,33.280882411329685,
-52.81505130590264,-99.79344878242148,
29.118857486874603,-155.549308706564,
56.97551921496819,-81.34288646836619,
-87.36061238143434,-175.4803438835572,
77.82117522225772,44.8343861691329,
-54.25134232220212,45.88076867842497,
-38.15134763308018,-35.43769893713272,
13.976908342452461,10.410212552757088,
31.91079469777172,-133.21379301436858,
29.767984891469183,146.8638444245799,
-71.96745222226826,-15.318141410992837,
86.71749564454757,-130.90248040450152,
75.01819283001228,0.41919618195490216,
84.12035348972546,-179.05070400779974,
77.70171698840454,-53.18863112351181,
-37.546820237632346,138.54066207431168,
81.68202521639239,145.97774751460076,
19.92396434618327,174.3909208273746,
-50.54705879364816,-32.24269095635785,
-54.493760060964064,-52.83290605256653,
44.700895788285436,11.751425573229938,
6.501241532870253,-74.59511065376275,
-39.85038809104218,61.498627846163856,
-12.490210486094227,-86.43813597587696,
-30.979270090542506,140.53052484663982,
49.712207197020575,41.2353785227796,
-13.561467747979407,34.24375113896053,
-8.707353427267563,60.8242313630939,
-78.35616378813381,-46.83603169314216,
-23.454900155124534,-25.327117702631767,
-51.81846360745675,5.32062684155062,
70.29452575049379,-96.80400067195566,
60.69480953273853,-48.89608733189749,
1.944202570540682,69.41129570342846,
7.015545502546942,172.3952929166225,
58.05830128212713,-178.12538108271386,
-71.06511372854891,159.64615674026766,
75.06857477302236,113.69383886315825,
-81.38853121720818,35.18254720026121,
-17.781559226616594,6.108729691071744,
46.85292666458804,-76.85503364662534,
59.16064018813921,98.07291011325492,
-4.393087174259293,40.10336468641947,
64.62572758914166,47.006530469458085,
45.487649197762806,179.04243384354731,
-76.26442405059795,25.075158655458893,
86.34329938459865,-45.76578945513532,
58.25623856048159,103.20263679980178,
8.924212603878715,137.88715271368352,
28.40349023452734,7.8428942786560185,
-75.82215094397289,-7.60332078686659,
49.932474934494024,-16.07909291424636,
4.04671874438462,-54.152505701364504,
-9.319253196693168,-125.12359057851094,
-83.57859732113093,1.9999326874477106,
66.82691213333678,-97.75347771839827,
-44.56684447176479,29.1918836645998,
35.37563607737327,-114.12348104764935,
66.93689434023702,160.59382820874697,
28.212063675974605,4.396879233559332,
13.925505261049281,108.66467398625792,
-44.684951970091085,39.74397247004626,
-73.6438484819868,108.84373622804259,
66.38498568852347,156.98637259283817,
15.076238951648875,121.01781270140236,
81.39164216975897,-97.30061814332471,
45.89494737465742,24.406318681201526,
-7.387740587040426,63.38112190985629,
54.25945128084777,122.16739509734788,
65.23300808181546,-75.74164514076816,
58.79786475899684,-134.53399890471692,
55.069563551772745,108.01338522655362,
-76.05872217292509,-34.01999821053289,
-43.84690012689078,-116.49881999624927,
-6.090938992219307,-69.07828866755372,
84.13516703861413,167.27547238980367,
0.60148400912027,-73.14006143017225,
-85.17973044317684,-83.14207022591332,
73.86064211735757,-43.29746167301508,
85.41530111319483,-127.59856825002063,
85.93702374174785,-140.24163206090498,
72.14871103053227,110.12026247890208,
-59.40208850629326,178.45637050543598,
-45.888938144789975,-20.718171679289583,
54.94924869270113,-30.588746107050127,
-7.416128537528678,-21.99261027939906,
-1.7459083271524776,-71.97923674189185,
-4.998559182500671,90.51065684125228,
-24.761099448176495,-63.832310965564446,
84.90204324538735,94.18556391043467,
-61.43879700163043,-144.9440858842833,
-74.49182877442362,-169.55280872343678,
-14.826577433784351,99.7989766486603,
-49.099195753578165,121.94802187834892,
-14.428374122944419,-19.0578751710774,
-5.935456309047893,131.87901720023785,
7.675708325033725,3.5099395436528766,
-29.853448862228177,-161.61156981837016,
20.538537765591954,65.89212763446287,
-10.442344501905609,-167.30091851820652,
-66.55769001669675,-146.14328655051014,
-88.92213655214195,95.42459180529886,
35.19211851057591,156.68423459014195,
-46.25252795309749,-159.03963625166756,
75.88527113803906,114.48552760521693,
2.1425158327835163,-67.58908012616133,
40.15143806336425,44.61766528686496,
10.600711484704945,-87.28544424416992,
-1.776634434242382,157.21272689062943,
-2.018210785847188,-154.5138883134522,
32.64510243906881,23.434878397918794,
49.004528362824516,-22.89368353196494,
44.73278196770113,-84.05722900163681,
-34.98274030656481,-111.70372853346633,
42.96972337844042,-101.57202216425394,
50.589759263340085,-0.20731829282757985,
78.98950539474038,116.49498647296662,
37.00469187355094,102.59121373435454,
-88.50039302892829,-127.76027601348652,
22.058392435261794,-139.6367606743701,
7.1849707561435565,3.9344633142943906,
27.15441947570271,-65.01210060540157,
48.125858115980975,123.81434583320487,
46.8260391607092,-69.4833843712621,
-63.99081219223319,-41.243260071539225,
30.688114122897275,-158.74074266339255,
-3.91012883114297,-12.21911058184179,
-19.071598691612863,-34.57198298920653,
-63.24246875480913,-71.64292713505161,
8.650289037634735,-73.83488801010793,
38.23183205600614,-113.82003916199463,
-73.26029705970814,-68.14636459929143,
81.84414604197431,-15.332552938042,
85.50196958544029,175.41255561220805,
-4.030258909566626,160.79969632540354,
-87.80030276966873,-69.35642027418302,
-17.279132024552624,153.00062366293082,
83.82192350252495,-1.0300034530457935,
54.92602606515038,126.28338088233102,
20.572438171537726,-44.54684623790976,
-57.02197823676912,-72.53493017024111,
53.79245559275378,152.69497243363116,
-66.72720988615205,-160.78026918597473,
-81.20727220498583,130.35950286996842,
1.8106141998687093,111.57232795363467,
73.05384226574293,141.99144233303974,
-13.643361854220856,-88.17812490519644,
84.61553573606088,112.86589833563772,
8.400224791100669,68.97545066076154,
-82.86584245723893,-145.89753440957972,
9.872173659910402,163.49223810492504,
-78.21608293202914,-115.42722601960011,
14.582965101334779,-10.061150135137439,
-65.23662145908527,-41.96358872797535,
-20.707584902683365,152.6898246467817,
61.574647231795325,-108.88888347817546,
0.5090311154153682,105.38963549495958,
61.09097425102988,89.80478015723293,
29.544531498895154,-163.00768879581605,
76.34619020303799,-63.07196337820025,
64.56877523559936,-8.119652047521697,
12.329099820588908,-131.30068306324694,
3.35909026479618,1.008703576352758,
-41.48003256342222,94.4891237103563,
59.23459539035167,-15.99593769615936,
49.73822730398891,83.62257813834208,
32.66226696923772,109.80705785911778,
20.16619491930561,-139.4472420603905,
49.20377201337524,-105.76139586577146,
9.364778846667733,144.23066249780578,
-12.01014792309897,-68.50546073420134,
89.20824168641101,-54.21391884531356,
29.979181201882938,-7.9696948223767095,
45.63629840632362,-119.7758858130855,
-67.9142452804113,-25.122621246750157,
59.984792436874045,-95.96505457799431,
62.58875351336391,-109.09535612760851,
78.86952437988066,-35.06427080286642,
-51.834157592174016,51.95466009462544,
76.66010460991274,56.10535232129686,
-61.87008333266955,143.34332840920115,
13.165166075744736,46.360781676026306,
-0.7418705829748546,-52.95072975365207,
25.609149803407448,21.898338070959397,
56.06731605556911,-175.65674932750056,
24.624026727759187,-91.09218802867387,
9.785438470502442,-109.24977186093517,
-29.676421851916025,-55.23722522735204,
-5.390668298863403,161.1581341246865,
38.94965962975502,173.22734513335047,
5.460877641460101,10.4651293489066,
-33.94036027542058,-27.95383072869015,
8.914242524494028,-99.88286849564244,
46.44500447991504,-116.89388589899237,
37.0168342992025,14.795022533237585,
-37.47602222701408,37.03847957696365,
87.23891043460515,-40.04444496709408,
55.02710349853251,177.9467664995455,
-87.72547502752282,-65.14452010362037,
11.935890792160066,39.139664702066995,
-15.658370744129542,114.4012541025873,
50.91351383550008,173.7846472634111,
-62.50736503623938,23.62901509922412,
18.103548341604252,149.7687464875836,
41.125452463550914,126.31202782251614,
-65.2748448341265,103.94584250186165,
-42.33939436090978,-165.89741786048234,
2.350222421619492,-174.34386485125088,
-19.6947867659877,-72.91935129392988,
-18.00399960831942,52.37933970232746,
39.56172519939494,-173.99069130081054,
55.39297815610436,-119.60947195305265,
43.5124246946516,10.105432405089914,
-64.96693414445633,-168.73497279575105,
-74.25313979726232,46.34838821191556,
66.51286634252787,-46.43705402205916,
60.32427250705362,5.8595766821422615,
26.07859125000317,-75.54580709846412,
18.770784785188596,-115.92273727673074,
73.605036329466,121.18732273193444,
-33.95348462689938,152.35473886917117,
-13.948297295249787,-165.64533645440366,
-71.77938145463654,62.61799871073663,
-65.41851815381662,32.79183574385206,
-26.657967903431675,80.7742829008734,
46.78524780529213,158.9621751699583,
-38.746140695615736,-125.03895406105948,
34.382510237345215,41.60271837595022,
4.166817480452423,147.7236683043712,
-77.35053786250892,109.00941163248524,
-1.5766689311628,129.52532348019656,
36.68980471802237,111.01579180063823,
9.312317043466336,177.8059728385531,
-80.2786342654724,11.602270809547662,
-37.99089325405011,-65.66569572228998,
-53.86022937414577,78.5237311992953,
-64.84373513190258,70.64126061507108,
72.57508769764422,-4.813449973418756,
-87.84190224456984,-64.13945422560757,
-23.266695317853703,98.70267659120361,
-41.03144781793785,88.07921856353386,
16.79004445127174,174.0867724053104,
13.15215950981441,134.50816215581528,
40.23976766151034,-178.4269395653403,
33.95712191211554,-38.939440478773605,
41.10322430712924,37.49006706647333,
-30.62566875570782,-7.821918957399163,
24.42650939472213,81.05146130446491,
-83.46833298479172,-18.906380238438686,
-22.737938068490635,-69.76056288004115,
-63.99358870186208,6.666481224354072,
-59.749848984857515,89.43002894611834,
88.14859555686937,96.22699287227249,
-27.29962452583503,-147.90713228494604,
41.511189088206265,153.4283409691227,
88.42744976311971,88.42525971495496,
41.799676583823896,58.876967321809104,
-85.52481170161707,26.907544822815225,
10.576513021046566,56.14522203423516,
-27.770634077750216,-71.42429843556162,
-88.59389553892022,103.5227885000603,
-78.04652502101582,24.212993653555657,
77.72044008615742,70.33232904083835,
9.81921820145216,119.28796122538932,
35.29754336277935,16.25420551171794,
61.657004827745794,-120.45474947840357,
4.751996563311323,58.52153777533627,
38.289505414907495,-66.3267670888623,
-75.93087588885898,-67.66185635507175,
-17.573516389787727,-49.21478533540298,
18.888770472621857,169.99775622880122,
21.13483682520325,-79.76712266512169,
48.04135367377987,120.65427849004453,
-18.65759297486443,107.72353049374215,
-62.24255686473093,-39.87200048777473,
-69.30923879893308,28.42583578265382,
75.90970371954296,23.451101849855263,
89.34655617740455,-141.93699784492543,
