Latitude,Longitude,City
-87.56824477092987,38.73347094316031,port elizabeth
53.7533407104533,-160.500156876551,bethel
1.5186707809122453,64.2771497903558,kudahuvadhoo
-15.483412914600919,-61.040825853990356,san ignacio
-53.84060488257243,-17.973328075021186,arraial do cabo
52.294845781211365,-62.222732976058836,havre-saint-pierre
-9.082666827207177,-154.42451719363112,faanui
70.84122752769724,124.30777027612248,zhigansk
-24.174553039465323,95.40483693742135,carnarvon
-78.47292075820226,-169.32286157323088,vaini
-39.06307019465235,49.08655883280525,taolanaro
86.81327814405083,28.149419566943152,longyearbyen
-67.09958199742564,-45.16833217135212,ushuaia
-7.764168660458338,149.83087287890504,kandrian
-41.37238020796081,39.91754548842914,margate
-29.802762383639873,58.633166717643064,saint-philippe
76.0974531588054,102.29298905756934,khatanga
60.28781151687764,-28.68540165373247,olafsvik
-56.2360626900437,17.402180038043582,bredasdorp
53.83275415424464,-106.55627494812441,shellbrook
8.88603831425381,66.58805639566987,kavaratti
36.3921929802931,16.552766980919415,syracuse
-33.441521724801575,-81.78682274043916,lebu
-41.792269278425444,156.05008738472736,batemans bay
-61.83652414959787,72.5353571021746,busselton
-58.2651394318963,83.51502655924742,ribeira grande
28.046127680404,-35.19696367041158,rikitea
-17.45873242079685,-111.30828750638217,honiara
-10.616863300852572,158.07001112750874,nortelandia
-13.672603704779092,-57.1040202549721,bambous virieux
-30.893055365539404,-138.32180733775726,huarmey
-37.32538193404491,81.38944568012613,clyde river
-10.516562518808158,-79.21847647439077,dukat
70.59985442805225,-70.8480295940044,karlstad
64.59321557946933,155.62154630620552,puerto ayora
59.58729867565981,13.349401920177769,vostok
2.148110942698409,-97.3159716016638,taoudenni
52.51845985689647,150.08216601549503,nizhneyansk
21.321269338558707,-7.204955071524893,rawdon
78.17807937095509,138.94005095635276,bani
46.14974007109285,-73.63074049109588,general higinio morinigo
-58.50368194375322,29.198190463599815,atar
16.225232558756204,-69.97323530808875,vaitupu
-25.785257092286443,-55.82121001006004,pianezza
19.98551384770076,-9.67620233779897,baykit
-11.065276908724684,-176.13596340211734,uruguaiana
80.48672015765445,140.0827168045288,kavieng
-76.7522753238204,-83.61288127617483,winnemucca
45.14524658558324,7.5489914623140635,kawalu
61.57209947188778,97.14229668416192,grand gaube
-29.147985234071605,-57.32524652255914,yellowknife
9.077382969433799,155.31240190474546,albany
40.32628478921228,-117.75196211838883,upernavik
-16.40501838074698,106.1671142192759,tessalit
-13.202601425660418,65.26849246504372,wanning
73.12950281687895,-105.63387878272525,katsuura
-72.38412084077875,103.5486005383392,bluff
-70.12359633736872,99.00042450671543,lavrentiya
70.35512893617727,-57.61756196415058,tuggurt
23.15495625462799,3.3776839281488265,khorramshahr
17.275415996039797,111.0938854489707,uribia
-30.666701726583923,-130.6772641375242,mataura
-72.75566828087096,-53.222217331970725,chokurdakh
20.529285667510905,149.32800745635865,thompson
-79.27755975568044,166.75906904899836,talcahuano
68.50327230187497,-170.41673120053872,butaritari
33.354251971908496,5.8090560931395885,barentsburg
-47.73241573506013,119.20800910705378,nanortalik
-53.31094166381815,62.22616595544804,berlevag
30.47877772216603,46.91237719405049,mikhaylovka
11.93103697555712,-71.65429038887062,tuatapere
-53.63645676452043,-158.2119313596416,stantsionno-oyashinskiy
88.60504219504904,154.2831702547436,mar del plata
-11.141575243812582,-105.26253381309539,geraldton
78.06192911720035,-97.47439109157808,shitanjing
-33.67573335308177,-78.19959576032282,saint anthony
26.563351802232546,171.464728019083,cherskiy
88.20120622181514,4.970379234490565,syamzha
53.53773524877329,-45.30073146885201,cape town
83.80326400409706,30.862060778334552,kamenskoye
84.7639430110531,98.16273119067392,belushya guba
44.56697044469726,71.97129474110807,cidreira
-47.06246136739523,163.82358010102485,qaanaaq
55.57732121666322,83.7190754766504,svetlyy
-37.655061156080386,-120.12332343664909,leshukonskoye
-50.81759729902374,-49.57042142897524,punta arenas
-32.448591626460505,106.61250959808939,hilo
-82.97581825078717,-16.550217591632503,new norfolk
39.446755202796055,106.17124254095927,narsaq
53.079916881698125,-52.05343168755023,prince rupert
84.05601133074364,157.7709906525194,takoradi
2.465436164031999,150.56568649918773,victoria
-74.26067242686167,155.6486918917572,avarua
59.801351760290544,41.23363969364897,kaitangata
-58.62241390527747,-0.9291605477797305,gondanglegi
-83.13178174835144,-40.88175531955537,helong
-55.279743598350066,-17.787162030775022,zonguldak
62.823215664887954,165.82488157823997,westport
80.06644068545859,48.89276636294113,saskylakh
-2.7337936449302163,-175.07395115115634,madera
-89.45005905090618,161.51252979321674,general roca
-42.16657246889465,-34.74636103046848,cap malheureux
75.2156841877686,-89.60542741325324,attawapiskat
-84.87088048990066,96.8931119365659,tiksi
48.99613112088929,60.932236870908014,hami
64.73092329268383,45.79933592048886,kapaa
-87.38069324497407,-92.11205095555582,klaksvik
7.677008677768782,-162.73502937007703,kruisfontein
-70.82919622681717,125.8742995733599,wajir
75.4354516945761,-68.56749673067307,tuktoyaktuk
51.60412645685017,-130.53188682274222,ciudad bolivar
80.28916603388271,-101.30298531738855,leshan
3.6063611629630543,-1.8475087357529674,tigil
-78.6203556480738,-34.01088840310882,nikolskoye
-32.45405969136415,-59.86197003900847,diamantino
7.574673412575805,151.54754043520666,tomsk
-13.721774561149061,-161.1405377063362,gorgan
-35.42466073696272,-149.31750720219117,roald
-65.25529145078266,-71.17776894311402,conde
52.34033112608631,-132.84945380136855,ardahan
-61.50047468682801,179.8023306699851,illoqqortoormiut
-12.82163844756549,112.01934560219632,east london
40.94013725473093,129.0074107622106,manturovo
42.43548445848782,31.570765317447524,tasiilaq
56.65585665998006,-12.542976703908892,hithadhoo
-68.61708191349105,-75.90761607953483,port alfred
72.85203285800131,114.27337855781064,torbay
29.34713364537174,-108.28307412263598,lagoa
-85.06486243849888,173.1445894068146,maniitsoq
20.46011251820414,175.5435486141185,santa lucia
-37.09563003417512,-67.07231454769249,barrow
-16.606935169210843,59.235011618090226,sabha
66.93959798934895,-82.39056653644286,dunedin
75.70558286957319,124.66283791916834,aklavik
-42.817505640167525,-53.93662157500253,harrai
59.17111951555262,-87.71731063933125,antalaha
39.25336162366466,93.41217451316476,thilogne
-68.28156734309121,-90.07800107025211,jamestown
38.82186000576158,-164.94586503504829,rosario
73.15687967997164,-8.165179645303283,henties bay
-78.335930071556,28.247570237642776,lar
2.0950533596723915,40.75225022449996,ilulissat
89.26042361508445,-142.49981680134977,fortuna
6.019260863974068,-63.882086227748786,ajdabiya
-83.91689550447515,-73.39576478583767,kota belud
29.892616567730883,103.63880751089567,bozova
58.506333914120546,159.10301739500414,pevek
-60.93589623278201,-50.14976019582602,fairbanks
45.353030055059804,-166.9239679731508,weinan
53.554661227827836,165.03769543911062,namatanai
-13.893918030541357,-55.50630272591286,castro
56.557998726497885,84.95141909444766,muli
22.384719027997846,-7.814668854938105,babanusah
72.2779099214124,117.22661156091522,gabu
36.560930635404304,54.41243024059605,karlskoga
-45.243438361331705,-28.16798237303584,hermanus
-58.710712508671335,136.83486232098227,haines junction
-78.45003674868244,34.62514982009611,guanica
-47.730982868320154,-176.6568363892162,daru
-26.03437448310128,-131.45491454088133,linxia
73.36605355267454,0.26017294523472856,jacareacanga
-15.434769917750259,-32.0573374675036,isangel
-25.708366016453752,-126.2149284358749,hobart
41.09349538934066,42.84826643323413,beringovskiy
-84.60174764905848,-123.93461468487436,airai
75.3098981922104,-22.548472611673702,shimoda
-38.576875116840576,30.8490730435922,mubi
58.148768195819,44.43872112490894,narrabri
-84.35636098067845,-62.664586785805156,sanford
-80.22261565882977,-29.23497170707728,muisne
-87.04561607838784,-50.47428189207881,kuhestan
80.98459902554882,-38.60077222864615,zhangjiakou
-25.529356762191327,-146.67411809567824,mahibadhoo
-13.150317958139354,80.42703248722023,avera
-71.94542972623836,45.910255328769125,itainopolis
-68.44791972610307,-139.37860996176988,marcona
-88.05512536940903,61.1592530999128,cerro de pasco
42.612503791978725,-46.599110896489066,mount gambier
42.351974757869044,-27.730678771499527,amderma
62.382344783648506,-58.27336457669034,ponta do sol
-72.43628153698796,100.92482814810842,bengkulu
-42.729621590612254,106.5004013790911,poum
-2.304207096102232,80.85784953182076,antofagasta
25.790676917397363,-16.338278458043987,sauda
80.1795322508714,-150.13935564512553,zyryanka
27.01251000971358,15.08766205855764,constitucion
-51.63999667382752,177.12175682997247,sitka
-80.13238500945945,123.46998762423988,iqaluit
74.81783875155736,-139.7317571919931,paamiut
22.648834979012406,79.16508188545299,san quintin
-13.670523782663807,55.092261508757986,yulara
17.02616718637428,-12.47430509906033,petropavlovsk-kamchatskiy
-55.55670768948646,136.71743319940146,rawson
-69.65951328439918,-84.41566372609499,magaria
74.8882929243978,136.38594937852145,belmonte
-20.317744166639443,-2.990694735270438,lakes entrance
78.65343141115551,136.4287772638363,guerrero negro
73.57080396527195,103.60544644687741,bud
-88.91923227112507,-38.19080006385201,atuona
-2.8434314370078795,-44.44885893864111,mastic beach
-16.55418371589907,-0.7822961543048734,vardo
-13.075612492315628,-104.56782388066648,nerchinskiy zavod
-22.468509867282705,10.717757306132626,kuusamo
27.49673821828152,54.358935251541084,matara
85.94939705232608,-40.32099838175719,anadyr
39.80467864299857,-133.3905801707844,viru
30.966462919496806,20.957477080422336,mamlyutka
-8.318378427839122,52.9247638728572,lolua
7.737057494131577,115.05053136650992,andros town
37.58870484635773,38.31185048999353,vallenar
66.10247480788934,170.31314499518436,ust-kulom
67.69412028584853,-141.9549585466747,sao gabriel da cachoeira
77.3286414572793,50.7867109197727,orkeny
-36.367337903256555,-41.455206773385726,baft
34.19889349063729,110.10547303011936,codrington
-72.25294879289436,-35.22377058508829,havre
-0.4541101318995544,155.63577688711734,leningradskiy
-49.829811413974575,-108.4260859611562,damghan
-75.174801759496,172.40285445268557,vila
3.018389220565723,73.64282580713302,drobak
-41.631729365337634,84.93348911877229,agirish
-39.61195135083714,100.53670893363216,kloulklubed
11.261311141108607,27.298151362806493,hasaki
11.839769132096293,-14.275216627937311,imeni zhelyabova
59.433028733685575,14.59818420753777,rolim de moura
-89.46961232710086,8.148168304302686,pangnirtung
59.35209070985067,-139.21405723749965,tahlequah
15.51660865117637,-66.98649386912759,bargal
-89.96671151631884,-152.6463700062371,osypenko
75.33672413749687,-56.51760623726415,bandarbeyla
-11.850250716621716,141.60908987750156,sorvag
49.65370771813531,146.37126396397633,alofi
-80.73600091246303,78.70082068444515,kanke
-6.387435733723478,-102.0215864685501,itauna
35.52542089695147,103.67528346425519,ambilobe
-52.84008001274669,-6.438082581289649,ravar
34.39710620534278,-173.35256356859887,iberia
-6.943336812341741,-57.33703390254023,mae sai
45.95184165581162,-32.714609052459565,kutulik
-24.227157103198394,175.54083117102363,igarka
-71.93152251577266,143.67742138208558,aljezur
54.482466273296325,176.29085240940384,zhitikara
-78.76502054823797,-51.246426966846144,omboue
10.615037245454957,145.50452753650745,taltal
-76.46491395733788,-173.8560575635566,mys shmidta
34.731046978718254,138.977542602033,lompoc
-58.820087765516526,25.431779415339804,kouango
10.405501925457031,12.838083428327934,bambari
-29.829878895505907,147.79207351622625,great yarmouth
35.37604115925602,-79.14374332278781,skagastrond
2.41475934176448,-81.8179490110122,tidore
34.905540060058144,61.18834571927124,rach gia
43.479327998748516,115.537624295304,camacha
-86.43060513815188,-171.61853869133543,ulladulla
4.014708719797653,68.60459290093459,lata
-26.152576945345864,-152.38917467370706,sao joao da barra
-7.485624430303034,-41.564692878650646,bismarck
-59.68467416177113,-12.706208784984995,yanan
-25.27524974628291,-90.37136782216784,nemuro
-63.348355484698715,-79.59263489807307,karauzyak
-10.537594711490215,-76.17794946799695,araouane
83.05666611321956,15.41087571796595,hervey bay
-43.44815130196538,137.48599357332824,port hedland
28.152491003547397,13.824777477105442,le port
89.25023195947256,64.18886719480889,saldanha
35.83588785996878,-20.491590735658974,mitsamiouli
-10.267581922755483,99.13815200768033,okato
-49.168359538890684,113.4624342713754,severo-kurilsk
-23.27429400839577,159.59704873042517,palabuhanratu
-23.38055296216301,-78.98850624606239,islamkot
-45.06345022744042,-108.27631514553953,beloha
59.55393190247497,6.465427004541766,the valley
-72.63495820912235,-102.48873806094636,sabang
25.110564708867514,163.8311702841737,mont-de-marsan
-63.29518689479379,60.2848745100967,kamenka
66.09404917926085,151.91961292184794,dudinka
29.34462242050475,176.74819958264794,el cope
-55.14491577328859,71.10890536103076,marovoay
-62.180811716922996,140.61549348783655,coquimbo
-75.40800749837031,79.44281659281273,broome
25.45093137935092,-113.75332635467926,fukue
54.76437139076691,-140.4864343220239,san andres
-21.89408039704375,-126.49689641038805,francisco sa
-74.18942260154817,131.90507003223303,goderich
61.786215227471246,-76.20022090409277,cabo san lucas
56.93168202023395,-51.04560730682721,tarko-sale
27.326598670083143,-119.14153468862716,vrangel
-69.8435770729896,106.12822665286188,tsihombe
-22.86053841572904,131.10625528969882,inhambane
48.34669596877424,161.38881284195736,sena madureira
-43.57599747457058,-64.84979605456704,tooele
13.13834780693216,9.309864206632653,najran
-17.643998858034564,-32.673453098511516,saint-junien
45.45075458588218,164.7950913854645,salalah
-58.24990182997594,-32.29691807732783,mahbubabad
-38.49301407485676,149.87922658744742,belaya gora
80.69525071105991,-44.88340957837568,sentyabrskiy
-70.78898727328122,-39.99351568697014,taree
80.23218370339077,20.32586014974268,sandwick
23.275504422843113,-120.33775237034561,eschenbach
66.01477099348327,6.150065310445655,labutta
-76.53208484103729,-114.25718873937896,batticaloa
-6.085586666658585,-124.00210136702707,dauphin
61.691000571824844,-94.11715326177091,namibe
39.76059593856061,-72.83377076034131,deputatskiy
79.23388521044282,35.82324488621242,hauterive
51.76661424677488,120.63605354390285,chuy
-28.558855177406805,-173.7576293226808,carauari
84.58093573012604,22.05681736523593,ostra
-13.962523411196003,85.67568613622944,kodiak
-60.34400957772062,91.66799828961643,cururupu
67.00334966793466,28.844501524345247,sampit
2.6292609239337423,80.86895410921909,santona
-37.85987290655442,-79.36444869216001,rovaniemi
63.204253983508465,176.44013001357928,hwange
-8.537238313464258,-78.70371880423295,itaituba
54.725273073092154,68.46291842527583,pringsewu
-6.385707874198303,176.88925998998582,college
24.682203461245933,-78.72741533559177,olinda
-59.59360513105037,37.66030058628522,troitskoye
-26.912348527357004,-74.96453938997838,acajutla
-65.77797954603227,40.66858247610995,khonuu
76.4816719437215,-146.7181436341836,rocha
86.44131103084041,-42.21584677281825,lesnoy
-52.37009410687433,104.32337583114122,srednekolymsk
-81.82244608133647,-98.35654566919237,norman wells
62.147173625296915,53.69650370090065,mampong
68.56182950537851,-110.17947524259226,mutsamudu
-8.710676933665724,-114.97962444050991,karratha
-0.21678185428616814,-67.95990693614404,provideniya
47.11778390732812,19.441676966266897,zhuhai
-46.48807841679284,146.37812685087403,samusu
81.68687600792515,-46.366800143282745,komsomolskiy
29.009287899074224,56.14379009059439,muzhi
59.74841542356651,-37.12275239347787,springdale
25.385351823845753,-46.45393156114355,omaruru
-74.98327103931669,175.7110780354247,aguas vermelhas
47.95368562952012,-109.40989350465844,georgetown
-18.43759405589708,163.12201383110914,dikson
23.987577482759136,-12.580199661246183,sagua la grande
16.302863061275616,-138.2075433413668,pizarro
78.2469330453147,-97.84023456036925,namyslow
85.5700046399173,178.9545356657399,kholmogory
35.475564563780495,54.30574482706251,coihaique
-16.328680808499215,172.19935381653522,pedernales
-55.19505154485541,-50.79141350527172,grand river south east
59.67642668335657,10.699392260065622,rassvet
7.716859950886331,-129.62176853729918,vila velha
-37.57436505480661,-143.50311309460923,auki
63.57611235670652,61.41620613973879,temaraia
78.25741599703014,-89.1081783923006,makinsk
5.642746286226711,131.22068882638297,port lincoln
-82.02701444644532,-118.12920083000189,kharp
-10.638426411446886,-136.18358637099686,cheuskiny
30.48656933937984,153.3605780597535,dingle
-60.72706970833298,-125.10578528002912,izberbash
59.147671355655746,36.44024346997722,uvira
-83.44911155631863,-59.10981199216397,souillac
7.424282784364422,131.01410062308923,menongue
-13.041546139489995,-63.36098768055376,riyadh
66.57695139824415,-67.50802278158946,sola
35.91084147744344,-94.75866166386717,rawlins
9.468801359413959,59.63695708879223,sao filipe
47.00831895402527,36.928471648806834,mindelheim
9.926201225499199,51.328650752599884,mantua
48.873496638826765,160.8737146044984,kingston
61.38249110970776,-10.864516195147814,chapais
-24.476986406126542,-167.3585722548214,virginia beach
23.424480112842943,85.343247983271,touros
70.08938383069182,-173.383450823733,libenge
57.88280105030182,-93.97467757891962,eufaula
20.916167803416556,-175.0982573038073,nuqui
-63.34105720004691,-74.31870213452291,mehamn
-20.096593379242165,-44.51126896105055,banda aceh
-11.035185221088852,49.45639705236732,inderborskiy
-35.66765389517765,-33.04582999787138,itacurubi del rosario
-86.13158453800725,71.49928826146365,longlac
-14.901615201498643,-101.4336375974488,blagoyevo
30.98013845692185,56.799093570119055,veraval
61.31499192296138,98.79634624487284,praia da vitoria
26.055675348763756,-15.888802780070876,los llanos de aridane
-18.432980618115195,-133.37047471201433,soyo
-10.967549848678388,-71.00089500592608,gravdal
21.18771503679622,98.84030438458319,hualmay
-62.93902534443703,76.27453102123815,rockland
52.625461721183825,102.3278743575496,burica
-58.44730660378704,120.7242191423801,ust-ilimsk
79.4304138835625,-164.410509327578,velikiy novgorod
64.94790441512515,85.26985506119689,avrille
-59.1043563023691,35.019928158050334,doljo
-39.49615151605314,-159.41892694474924,nizwa
-47.187479704717944,-141.3555876034361,idah
-41.731493397381335,121.29575387014751,macamic
-78.34136814266887,-38.876454159531704,kayan
36.422765160660546,-12.532760081710904,labuan
51.31553030100787,61.867814351422794,esperance
63.41210723904345,95.95484242809886,dhidhdhoo
15.711235379022966,156.85499369980192,french harbor
-3.1874697564259122,7.80656731881794,northam
-63.420093894587,-130.26775719229414,coromandel
66.46145877956329,-91.75268261485932,geresk
-25.418128056742205,-72.84287887860432,sibolga
87.56246304513127,-177.22077056117556,baley
23.55439128235591,-131.79827769284955,broken hill
4.911288509718261,20.298925743399735,chulym
29.716698606209675,-127.534717836563,leh
6.015612935309491,20.70223518743711,presidencia roque saenz pena
53.04217563625036,2.6504048051268683,zhezkazgan
67.03180898504701,-21.275530518405816,save
-42.64009841840126,35.48330593027521,trelew
-81.60647576606576,160.8464305163235,karata
-8.73942543522844,78.03411898120163,rio grande
0.3852739016323028,126.63999854838585,buchanan
70.10816754849253,101.60466536901447,boa vista
72.39334392906497,-28.91448453614518,naze
9.94288663609538,104.61682453360731,sao jose da coroa grande
35.24848803573252,-15.22729054239818,san antonio
83.93167048076495,161.81855735755715,concepcion del uruguay
-42.2326524326934,105.07387770400817,grindavik
-38.54871954620368,153.89604583927309,coahuayana
47.773509586923154,-50.34925268956047,lamu
-10.8325595041144,166.24447137588663,cloquet
-53.030930068750244,-74.09532187788935,brynmawr
-29.93502547606566,-30.589341290629875,saint-augustin
-71.05919626505846,-68.03369193888588,correntina
-38.819491462809964,116.92132330787751,sedelnikovo
46.13677077572498,-100.72523454639455,vershino-darasunskiy
-19.665855101659048,-171.25538513840968,oussouye
37.953207806561295,109.15574339754096,santa rita
-53.58944568860483,-84.21642987335575,mporokoso
37.80202669345033,150.42264906311135,santo amaro da imperatriz
21.011816798407423,-55.3995408326725,omutinskoye
-54.635065596531916,47.66031637304411,zdvinsk
-73.26799982840794,3.739607791428625,camara de lobos
77.18511320591037,16.629839043549538,merauke
43.88089497104778,59.541283814797595,mareeba
64.9768016523631,-107.88628828798844,bellmead
17.76779000641973,-5.396413963349147,high rock
-24.896773556737074,155.52673452477592,belyy yar
-72.16285950809348,141.70364599817236,husavik
-26.647816561418594,99.26719451662939,faya
-37.05616998332583,150.32244972143673,rumphi
-15.745732736755741,117.2627866866668,oktyabrskiy
-57.65610826773979,-91.67116594708472,mahebourg
69.06951923378665,-171.71721539178074,constantine
3.6264425818318387,-178.70996390496617,port-cartier
72.53532048759357,-61.61046893462583,dongsheng
-20.0336647989229,53.54595478805433,kieta
-30.965167311395696,-140.5243967766836,port-gentil
85.79079492841328,128.96084110693198,kjopsvik
-39.24359029627044,1.6329624279374002,bang saphan
-7.839237293648566,45.56488402240214,buon me thuot
-37.736458473774,171.92222209376627,darnah
-64.85017293408322,115.92700059356798,awjilah
-71.43831215605249,-146.04528871636074,dalvik
36.0502535481952,160.82927801502888,vanavara
-19.29254408867307,98.84056653585526,nabire
24.99892747010476,70.85444052042328,abu dhabi
30.343843329268907,155.691501053332,tazovskiy
38.198928296868104,-46.11742144958231,hun
71.16355291503984,-111.30046818677368,okhotsk
-58.68379067139435,122.75470385050812,maningrida
26.912978723460625,-174.88851973149573,zakopane
-70.4421326726127,-166.87151667506095,roma
-37.1677887050222,-4.022328910193295,bambanglipuro
-9.931047220774019,174.425595814004,marawi
-81.55155524823999,-55.37278276609399,garowe
-30.95760449958881,40.22650297220159,khorixas
15.10593887035202,153.77353368425565,guarapari
-54.100041698637206,85.81211001164257,uarini
55.57135035769386,-41.75867672937713,launceston
-89.1113022766076,114.16513583043229,san patricio
23.054892694092175,-60.66252919127841,itoman
22.876482877397166,-8.235427097856785,buraydah
22.75614395923192,161.73055091236432,sinnamary
7.486792886092601,96.38862087222407,mount isa
5.962932746866599,141.50661884881617,arman
-37.20152618300064,-176.48029978837545,ostrovnoy
44.0830598762727,-0.6828791093923883,itarema
-25.52903295172902,-134.16864093695202,portland
-89.87848455106895,104.47334210980955,bathsheba
-61.24374928885218,177.2230712866865,marsh harbour
68.12127969856036,44.128585887392006,idanre
68.89831695024967,86.44149401203975,ostersund
8.97573003694528,-80.86221714115838,pemangkat
73.01096017108597,134.6764450836659,palekh
-15.999942582569176,47.39536013928239,zimovniki
59.699371607227334,-67.94962268909799,yar-sale
-30.190930678201326,-79.8430920269091,hamilton
-18.42715893576728,125.37431346188612,chagda
-28.48060425586847,-8.018690941610004,sohag
34.4073477733608,127.80900898021707,katherine
68.79070141704238,4.873759078412746,pingxiang
-57.990747022137555,-22.031018875035073,stoyba
11.132574850455,-81.90315320703273,pocao de pedras
-32.91962926862916,-17.864885128142674,nome
-16.590546980863593,-43.4417051988481,kyshtovka
-60.07013113749433,67.79767820825813,makakilo city
4.389175220965299,-19.851038465908573,acapulco
21.03858798432391,162.3985370621602,richards bay
-89.82558711534601,-81.69347418510296,nioro
15.182584929231965,-114.36199550582833,bolungarvik
65.15100325218222,77.18646599274933,denau
36.68401593031096,-136.89398771431786,tomatlan
23.992046031228057,-132.93370173616597,nelson bay
71.0857809550109,146.73409666425005,talnakh
39.38878642191091,133.67681756680224,novyy urengoy
-43.04475993923032,49.370180070919275,kalmar
-40.57917623726815,-152.3278034599401,dolbeau
-26.870487692404012,36.78014594457656,corrente
-9.299428488584198,-68.70575547985325,qasigiannguit
40.95159837629447,-112.73221187100143,lewistown
18.38371027854545,49.11516890618617,khandyga
-54.929246632657375,174.58294020890935,luderitz
45.74510568267735,0.7435590495383622,golden
15.80455539806482,56.27717819077384,kahului
17.646666224605553,79.90011891080792,tortoli
-37.67372314510939,-149.04551344532595,port augusta
83.97624199932739,148.41069036665323,wulanhaote
74.76004508792295,-139.07578097231567,ati
-86.22038936729749,93.87554443463677,tamala
40.47535362211343,-127.70401676283757,marienburg
-71.01930874545812,-6.220104329432104,duvan
67.30409056535046,147.48407202467234,bundaberg
39.18139300473376,150.49488123561656,saint george
54.040928043533114,175.27474845142734,calabozo
-32.245941588880115,152.52659578836125,makushino
-32.827456559408986,-159.7233170844642,hofn
58.79243877273916,0.5794748377627741,esna
16.902437707769906,-145.27391359285366,cayeli
47.21463949943745,8.904782231631259,oyama
15.048492027538117,92.08117905043287,jumla
-44.328262478244795,-6.376039600372792,tiarei
57.97364443735208,-90.11261110232444,obo
86.45639063620206,179.96263494391707,turayf
7.121794914511469,172.00667960478097,thinadhoo
-63.6577861295996,152.4237304835341,bagdarin
10.45167680238552,86.94050318863447,khromtau
-61.041924394616785,115.97084599013033,dolores
-44.14931786208553,-118.2568418667961,nanyang
59.62945780747603,-38.83460730006939,ust-kut
-33.59675944046834,-80.17596987879773,appleton
51.4433776933499,-99.43857462067804,elko
-32.877278010100916,107.63141152917939,manta
-81.94244883368825,110.88665454848228,ozernovskiy
66.51385360340353,-119.49524549468197,biak
-80.5530559407607,163.47064788272758,dangriga
13.749982386011666,-174.3243437698984,port hawkesbury
-70.20008028911889,-99.09245231836569,asau
-70.9759131005917,163.8680857748654,san cristobal
-14.45128049403722,8.195756560960689,palimbang
-36.83136548711099,6.102136925824283,san pedro
70.3198092422364,139.45864987166664,fayaoue
51.432657325808094,-68.93854368295716,saleaula
-42.87423743437412,-44.42934025358056,zheleznodorozhnyy
-4.950961262129212,-65.86881308549938,chibuto
-5.053164224166949,-99.60348144741957,nago
-15.150023305656973,-106.20232407056773,nogliki
-4.170929966335393,-145.35784905804766,moba
-57.10841122975713,-24.50784444175227,mana
47.38507952409819,25.788569078394488,gat
-83.24436926270548,-178.95694050021177,smithers
46.285668517069496,-154.67388925045387,samastipur
51.65362222432998,-99.59400051730817,wa
0.022623341287072662,-43.4369367229655,bolshaya chernigovka
-2.0000315537920557,113.27546343902259,skjervoy
44.193596681203104,-3.2433870040235036,tumannyy
67.3082662930673,24.85644286445188,rungata
-79.30825052783868,64.64417887021304,chopda
-83.58364498218111,21.123204308858732,masuda
-18.45430056943374,26.34671229810735,north platte
-30.783669114065844,52.787279965403485,korla
-3.4687383300004626,-55.64789192859995,bangassou
-14.644208039664193,-133.3471158373576,hambantota
-8.472243349628101,102.18983103013272,durango
-37.00484039472373,46.27429405176528,kulhudhuffushi
75.11022231432506,-146.73530750013353,coolum beach
31.459569044352875,151.39046212622895,muros
85.97606584078736,-101.11070355851761,louisbourg
-9.108310642248867,-28.6166022048931,sadiqabad
-59.01276010245401,-63.39782231846387,aswan
49.28125420339765,136.02317072914747,genhe
32.86142028783833,-143.3977433651805,ancud
10.18042220404243,-90.30237135128554,ginir
-38.4360768707354,-120.13078806768087,progreso
-74.21432616671134,174.91521212525646,viedma
-70.57821466621057,-33.2929798132289,kattivakkam
-89.15919395120848,-157.98891388388296,churhat
66.85781193615466,144.29322924617827,tautira
-70.91348594777517,-81.00064729717514,port moresby
74.32707230151902,-13.900261730936023,reynosa
-54.835838766715746,-139.26732584628144,betong
-38.0606963344057,17.36684187308458,lastoursville
-39.140595180333214,-49.73666953093115,davila
8.731078758865948,72.21842102191874,riaba
-54.50658297529766,-121.71725330673841,harnosand
59.64364927210573,51.977248098791705,banjar
-87.53350807921353,-90.65022308953012,mapiripan
-85.89744681835312,177.52961248285487,victoria point
3.864870015362982,-97.0877887634493,guasdualito
-72.73455152669545,-19.53680175365875,marzuq
68.52778671489418,155.15198659039658,gari
-42.6672068039055,-163.79182375633863,verkhoyansk
-35.76001593719362,29.21607385414916,newcastleton
-75.4324567479241,-100.9176971120655,plettenberg bay
77.42269644066099,-122.36423960779983,mentok
7.229170135777707,-1.4903146362995017,nizhniy kuranakh
-8.181643267925864,47.01241860197675,bay roberts
-17.359711933497607,110.85113509634061,rincon
48.45242201793107,-174.40739897115753,horsham
-87.41258005898526,13.707950459476223,kuala terengganu
22.21487982821617,113.3777440502123,porto santo
-3.645967477000795,-164.15867137431187,goodyear
68.31696635710796,155.32476368984652,parainen
21.44266978904119,-55.89989894672013,ndele
-78.92495890575597,94.64591595117832,
-70.06711122231594,-85.23830017268497,
-72.15574929669215,-57.78560034479162,
74.15764630927941,172.73001915155538,
-8.899241838477707,-178.75107498888232,
-27.539827112086343,-156.5241248842302,
-76.43834816479307,-152.74979856385238,
2.8890498860412777,75.18189148598782,
65.65884467869188,63.696563694816916,
-11.583401928466259,50.92657327022499,
50.020494366663854,-56.49979530514506,
-21.4814495277446,15.552297709954445,
75.37852475135821,160.6890604999441,
-15.582815055634228,-41.45593099796409,
34.89395692850265,-178.26811630006054,
-8.576373903819288,-21.735732987793284,
54.53523024833419,-38.71251367129008,
79.49952875152147,-33.09407083825923,
87.2123384729737,102.14175875051734,
89.67973968388736,28.499488758764045,
-38.907739349319016,-152.40983893668206,
4.076045104707035,-100.54497263539147,
-76.22437861845653,-54.86309467928683,
79.7721248689706,78.881996246315,
23.33855100037023,-79.87000308612234,
-89.84567326357757,-161.94808464511573,
4.051337716278198,-81.33739228819564,
51.00261656787805,17.721637464990152,
65.02822729110821,41.535889974189615,
-44.560541872925704,-70.62368241843112,
-71.81813034005614,-161.37878760996077,
-14.03603751939687,-7.069395301734602,
76.80616354936532,12.02562449382458,
0.10127992647713313,-80.7780393710807,
56.72762081238855,-12.461373265202354,
82.86531156968627,-118.29337342321125,
-24.60591525231314,74.32575991427561,
57.43181161829966,91.64022288147919,
75.69756938079044,103.66280937367395,
49.50237703179738,-172.78614041083475,
-27.071254118753508,-23.090560987632728,
-8.457929105382973,160.64131149803887,
-0.9205500587517861,173.7186978583187,
43.42823489392265,-44.45278364401358,
-89.35260750052859,66.86746166017033,
52.72492762221921,70.06918194552944,
-28.142248251955387,-70.64534212472262,
-4.245224997657914,-141.27590547264424,
-80.05566780828562,-178.7678463892964,
84.69570931240116,163.2726768436267,
-36.058867501731825,133.18119756432708,
66.40687086399248,65.35237620945338,
69.99141151673055,114.49209333602528,
-8.257467146968722,-126.9528672978311,
8.439087808351445,64.3457580210779,
9.353919064883442,157.33849674909413,
62.23559817685097,71.01905871054285,
54.03324672789259,-19.081745047535037,
43.403411194369056,48.832912821729394,
61.7236276058496,-162.45680661317962,
38.34729031787214,-166.41194123805812,
63.68427625240318,-66.43202139049141,
-3.8891442134477074,28.47481070341533,
-69.89851710244344,-119.70688317688895,
-55.96946679006606,106.38592509176726,
-47.22487918616817,71.74120135940606,
16.707715382441947,-41.01430396069679,
65.69179945958297,-101.98571400999072,
-14.873499354871711,19.28924411164752,
25.697664692343025,46.375123801786344,
40.18139895519465,-131.42716859873678,
-39.57852893487093,-121.07140241894771,
36.801329639803214,157.52928460665964,
26.408706441253855,-166.86107623903803,
-10.146775480518002,171.6604168145886,
42.19565545357392,-107.36004771677703,
51.319081377573326,-147.9872181726608,
-78.99839217003502,15.405139220958318,
-53.97920210030023,118.66039208822184,
8.765405410667682,-30.605647755358973,
48.16594418071594,10.513163755941093,
-54.00460296716733,-109.79860608407537,
-69.17792397395434,-16.41763760845504,
-38.080569761714315,10.220817240703866,
24.749059018338187,-85.07268194745795,
70.56254940528416,-18.851372160361677,
52.139844184328155,-152.2126635184464,
42.172866256430694,-74.21882562469825,
-51.28257983218965,-8.319476093687825,
-18.113469847860273,87.02497741245696,
-77.44942623806244,10.78914230900321,
-80.810713452709,90.77649038775513,
83.5183893995295,22.11718369841688,
54.572564158179375,-73.09818134344309,
-45.379804544622466,-151.01838499509446,
-36.46234655314654,-164.16667193874076,
18.54258210690189,-112.2260572597274,
-55.31481466609595,150.65392884882658,
36.26176995369467,-74.0205603445918,
-74.32280419317306,-166.14287355700847,
-16.474004126625914,-11.729791815262928,
-1.9482661691284875,-31.81308249610194,
-77.95254091341475,43.55904573047761,
86.88585030236081,-144.3479942122918,
71.05858770401963,63.06598195236606,
-78.42529718490276,138.23552642763212,
-87.93433037698169,116.12392411497012,
-79.7720561393596,-102.47676598194164,
-57.54498779103649,45.94620743896252,
83.7932146321086,18.63021075609805,
-54.20179016863601,34.050300925842066,
45.69799378507619,-172.80651737283608,
3.6703123379404587,18.877441512698397,
32.12171807497448,-85.4122121185076,
-65.68634035831971,151.3968058274349,
5.781408962130627,-77.68698563864837,
75.33394276573452,28.42547551676205,
4.685796550209602,91.11441064884343,
6.612538360947809,-156.7343483355411,
-87.6429004655822,87.71121211059477,
5.394050228826146,152.13050049586388,
66.80983692463045,-71.20484310682795,
38.52213903731297,-37.34262896218797,
74.96763655206996,-114.38890390542186,
-63.10344543138767,-156.78031159183217,
48.29511789461583,51.94469876158459,
-24.50662474084693,-56.71875644660159,
51.089668358910046,-85.93451890861758,
65.86687143601483,48.12836785452129,
64.47522376386891,-159.16689263223546,
16.5850341171751,67.36600532747877,
46.7331503308462,-24.661012842572603,
-44.72287194403797,5.213713517573439,
-52.63241877109336,103.25153795006969,
-63.80902787933914,-175.60518112462637,
27.125512476963195,-20.003903907977787,
-86.59614438299046,15.038074244416492,
-7.353896207911845,9.862811289110141,
-73.36074182860281,33.838782830269224,
71.8043701606515,12.811383776558245,
-20.571462847245627,-95.12090880305854,
-73.28524583117857,-74.23114332770015,
42.87196294894605,-69.05193136929518,
-41.45557114189014,94.52988254175546,
4.165292617923399,-85.17650052755417,
-42.665022565408876,22.752202276774312,
-64.6420281367451,114.1056463995152,
33.95951748167326,159.9496565272142,
20.139926241261435,-1.7269495163551483,
-40.59230602366201,-32.19077895404152,
0.6587856901151667,-162.56188804814028,
-71.32728856600062,-171.61829449099667,
31.017974533153094,-124.37066478308037,
12.06053384976444,161.8409238790772,
-63.75043745252522,-23.628997618291805,
58.47656319148763,101.30399324591332,
36.247793370305786,165.62309954836326,
58.29285471685614,31.36830354675135,
83.86182781711179,134.54391095341123,
-37.56007746281394,-12.507500650348817,
36.38053976550566,-134.29261523731506,
-87.26505332935412,-170.2595429366634,
81.10742737955195,107.6931032668827,
-77.43615865664023,-179.93458928237294,
47.45405703164755,-0.815635174395311,
9.497890035604343,123.62586423433379,
83.66418869134827,-8.652559507604082,
-87.80154482073415,-56.45917049063222,
67.5766852859092,157.38385597694094,
54.535980488152774,-151.29866059173372,
-78.94964130574424,-119.88716085607398,
20.470754621984028,55.26025080735195,
35.17402871134182,-176.6403373715388,
-61.218849102826965,109.0778484531445,
-55.57423163912954,-39.158857336277435,
5.1904560324379645,-148.02265964138712,
63.164076929453245,179.68684739028328,
-62.51170818214154,11.65787515546728,
-30.297042548257558,46.6368983267094,
62.32283685024282,-43.99669098574287,
7.0019400498342605,6.867527637930436,
29.167674626772055,-123.40179131207387,
11.153887005601831,58.5276835294064,
49.18611072144844,-78.88519127363261,
-63.53995679813385,-176.59986539251688,
17.047016989956774,96.37193388382099,
68.67098870849358,-78.46665607980954,
-17.743319303851564,58.31299880804684,
5.886442283823271,114.13640819041609,
80.07101969967178,-32.983111922219905,
-47.659269433204344,127.62564518011641,
7.862648595811407,73.87774037681947,
17.2276002386578,-86.4174267806261,
-30.22855130814243,117.06415019636603,
41.7617079428947,164.9411484339043,
-19.402964982674135,-105.35086779706721,
-58.966814869678345,-9.020254351351554,
-62.65232403199553,28.90621673826078,
-65.48623064645177,161.1302630588724,
43.172194630942926,-38.79047053930094,
-35.057742314316584,116.75021494283641,
-36.106358173218574,175.391864467022,
32.003922922872775,63.42753632890961,
-2.610369927682399,92.7519735696647,
-77.62954288809297,-122.10937880204065,
66.30009541877718,-115.40444072148003,
-12.625252995087578,76.16186280625948,
-69.29369234203645,-17.307465623112023,
12.222048924401818,176.6053881924077,
80.21528283252397,161.92910855938356,
-29.335792871628783,-117.50292599560498,
-56.71189471326296,-101.82653454047458,
51.39754347214068,116.38725297677763,
78.04668711369649,-166.96137093902865,
-30.653442090392808,143.58685316866178,
-35.17891882362319,47.549916034441026,
54.85602532404408,80.63723339263265,
-73.12367935918822,-130.41171723541618,
79.76166620019006,-114.95932466168534,
44.71227988337324,-159.1393459110143,
52.946938784301864,-74.3503456884096,
-32.92660031804177,18.441757526247358,
-85.2867867985058,-125.77510243571774,
71.64598744976331,-163.49001936224874,
-48.59480015138945,173.24767982994223,
36.461626070699,80.56108072514604,
-14.25599706477145,-129.7306389498434,
-24.584276066276388,-61.08321137743148,
72.52675465411707,-73.78068059353814,
47.54108982421286,66.5846183425299,
-76.96807600893018,135.61281368644308,
20.0566170180347,-37.28143525820343,
89.55951658995917,-75.02149469800139,
-83.09739425657612,135.03455860846998,
8.12240563288725,2.25561004344047,
-82.8616198757784,-137.95462537150686,
-42.28620437803618,-66.49657880207972,
-60.69051236577246,-67.19091809675882,
-52.111423620156756,-161.92847028049619,
42.51696142339884,46.35697180677522,
-48.451532334113736,70.43537349681108,
-33.062683128177355,-52.06880781130762,
16.32707500402806,136.6312083707822,
2.321816524287442,-12.449468780288726,
-72.52227614327775,-125.10314574968416,
88.57877908468382,156.67200534548152,
-79.8596953313374,104.09099472068482,
75.44346171557493,5.8245387066850185,
-63.68567970804763,176.7881724401766,
-85.36900485826689,79.8741917904519,
2.076638277852666,-102.25340679451246,
2.5143795163908322,-63.452738339451074,
74.54135002218595,-152.90082023441508,
-89.47977620025891,96.79130984512818,
27.552687660243507,132.45700896827378,
-48.34939093979076,52.12695689338997,
-14.684533510385265,-100.90857755070738,
-9.77710844493204,-32.42343073641655,
-55.297044573663754,163.90737931290494,
48.5916103127027,-31.55048134085166,
-33.90544723907485,-71.79199296273445,
-32.499039396330495,-58.504613127939635,
25.659718772428747,177.12534753187106,
78.49862778914047,155.10939575236188,
-13.442278760465499,-123.56054616475205,
19.22605197130413,-132.2618486200967,
-31.43234756559425,73.63195435260639,
65.33138349360115,47.53719908189285,
-71.82966331705201,-129.08021992422863,
86.67517687616632,-171.23446463437946,
56.58085018123438,-26.50480539125431,
10.494313267961815,-107.46636802421638,
-70.01398301619376,37.41196141261344,
-3.526056104360535,43.212884255394584,
46.809481016019845,-92.72761352399628,
64.8287200070248,165.9608383563271,
85.24447808920632,-160.01462039733,
-88.2050503594719,-119.06183782361626,
68.43020823546834,-130.8332207363501,
-51.481085493984104,106.83560465089255,
-37.19748972537807,8.108169507312113,
-44.342535612516926,99.21587445960841,
-31.799498237598208,-15.267705915038647,
75.23521075067839,-13.382234375093304,
86.59472375068617,43.85284265728373,
-58.33312379867249,30.480058185904568,
-26.363783763118974,-23.846494027252618,
-14.415967250992026,106.84513275482311,
51.794141715234105,-3.1059067840774333,
75.46270777804952,139.38578685808915,
84.33513057979309,132.31813224361122,
-10.790287332779258,171.21954926036716,
-81.24992553897387,140.87413077231315,
54.111395090293485,-61.17846311103048,
-32.8571537347938,-32.350728344056336,
-14.158607964884638,-45.18775698967548,
-0.8860202023195001,-95.96983932211054,
-29.48116394312497,-3.8327152369131454,
-31.58946134113267,-132.73806996461303,
-14.195734008708627,6.929026413390858,
-42.39163118879583,-154.52745028587134,
-43.62888357295045,121.78073322902145,
57.24155085701295,74.85784928774254,
63.064659217440465,-95.19589015825353,
52.70548277432235,115.965513947989,
-4.627616587013804,-0.8443008965417391,
15.981011254867383,-145.03326463076743,
11.114422283647457,-19.44635607402185,
-25.713308177965388,-55.040706662102465,
-9.019155671496293,30.460520671996022,
-27.852944462313346,-48.684074347690625,
20.48473826962571,-162.06894477790422,
-19.296923856093784,-116.51737259359923,
79.73122974782788,-42.641416926826366,
56.444636819609656,67.54175320685391,
55.12583801560493,78.87682511512679,
31.78713562217024,-17.091868283730662,
-85.84362285192427,-61.256538816327264,
-24.49077008259698,-177.69946290476668,
-62.44662029616529,-66.96159062961145,
66.26273688104516,-39.54071931743269,
-7.188399474900521,137.97188406593995,
85.70955414167821,-45.74219842157808,
-62.33049525193001,-156.8704050524647,
-13.165624520123473,144.50961735427296,
-20.377112732599954,4.534108717589135,
44.84811789699339,71.43833287498512,
31.68319487606719,-96.87708291916786,
-17.913587933977553,-158.31134462905365,
76.21789306609537,-82.35455068561502,
71.70972306094438,-26.7816730373857,
29.29689276964335,-77.86523481110667,
39.77388091479662,132.4845181890165,
-80.58514530204259,77.51981921614572,
11.931983614988297,-138.33873748258208,
60.41660292251254,84.62495306632292,
19.350434966482723,-4.568777419051486,
20.42914414749312,157.67962330490252,
26.704201962100385,-157.67021002124304,
60.821798815806375,-81.71832979801056,
-76.79969064050313,31.11658211442426,
73.54127920145231,-11.875196993722597,
21.939225434631226,18.376840894164303,
86.10296888627093,175.0871250506924,
77.75372197201625,32.50644960712174,
-26.588398086478065,-11.322217370951961,
-10.974973050584552,33.78459724681528,
-30.083554281878655,41.94425123296702,
41.50711418444132,-149.68585201828768,
-63.30419836506212,122.22823494757017,
52.29690576705207,154.44150445554249,
-54.66884309916365,-143.59616904678927,
64.37591710219067,164.39458846593408,
-44.01892498293928,77.40398935037922,
-5.177636918641696,51.166635895366625,
38.02581179381846,6.3504393849163705,
-55.3506918349572,166.66759564167978,
52.77202268290171,-68.28563285385155,
41.38399571385176,109.63369075932081,
-46.79220666641327,-147.8655987995404,
0.5337065196466426,159.30461380518574,
-1.147567771774277,6.730829877058312,
-68.83053707545798,25.772987239040503,
-39.72619009945924,-4.840973000906445,
45.919939713236545,-152.21595841091514,
-57.39745206385141,166.48244865595933,
-73.75997247762524,71.76622108884635,
-77.86892540059549,-9.931062798833636,
67.96275241042343,16.338994633172973,
41.24827124504978,-162.98176457436324,
-1.4296006203981193,-141.21036640642384,
-82.21564852593649,-117.47560335314989,
-79.44494713236207,-105.12928116777526,
-81.62199896149389,-56.66892165992864,
-83.44776965424491,-68.44873931848014,
-89.51019400133123,13.262711563165908,
-54.247862554491576,125.33713392971316,
10.659914357782228,100.17904557211352,
-58.23437353996319,-166.64332545142588,
-80.88623968224714,125.82727779748194,
-38.748159820236516,109.3868151615539,
-89.81078924608056,-140.71682538328943,
87.74751668689788,41.78100648130663,
12.59949712259855,107.7954766369727,
83.41798815484518,-146.999393039396,
77.34780097208551,-54.15766515643061,
-45.8544105294687,-53.448818390350084,
31.316750360078032,22.110687003927865,
24.502995699572523,19.21329533565401,
-32.94910393012469,-84.28436518703802,
82.01511707993038,-9.17313544556822,
20.398676261361885,-141.0697982571706,
68.67727780692482,-18.879344095842157,
-2.9462955369586155,-97.60219359106534,
61.05350662373209,103.44078466509296,
-42.69225440544008,-134.36912129747253,
68.44010309993416,-177.90672463179268,
-34.41276136242686,-124.89868331758376,
-5.208924312372403,135.9031445990912,
23.083655854025935,53.69387204408369,
-56.857114075804304,-30.60805569353107,
-50.62443898627994,-110.81394463335764,
-65.7491514832445,136.0722579867733,
-8.084114103834622,174.6405538943016,
68.08194136576975,77.9718794076822,
29.514426846750553,15.661665348665196,
66.51398334819464,-51.44677152807853,
-66.79694661711792,22.827658071335435,
57.15462191118053,143.73522198926918,
-29.530359780196584,-159.15984069267932,
-23.680123276426087,-2.859007412164914,
-15.957001161087689,59.63790648176217,
-11.78072233949409,133.3419114712861,
-78.23680923594068,-58.09228151378292,
-6.377326579769118,-20.855530129509418,
-61.53835290749718,-61.11121762785804,
-11.975922418228933,84.35337993658999,
-43.50580608967724,109.55934485733815,
87.28993054454739,-96.97271679365426,
-8.840260839655969,64.77068162732752,
49.154575156048764,19.94675965412145,
-26.547787438580094,146.70127846832406,
-49.56770734470731,-138.54081649101457,
-8.44275388688419,110.32162921042652,
28.110419825932496,-128.90185671341328,
77.77401538521696,30.41568352906856,
17.85126162601263,28.72993246538104,
-66.81895283110269,-8.527283594095309,
2.6168610660756713,60.59278950011304,
8.953793191079981,48.79349607191526,
-72.01400082029669,66.87194086273263,
-20.59497185657007,14.030157902887424,
4.364306848133651,-173.33964597214654,
-37.767557168587764,78.09885923850317,
-49.260557615400806,-177.6836177465128,
-17.85553972455142,-91.82738009493787,
-71.22627766441971,78.88899602488846,
-20.762568816198325,-40.20381745823181,
-33.6858160673586,-154.43394541294174,
-38.266969089871935,-10.981308127967054,
-70.39776901014386,-89.27581092156059,
-29.794675609978803,-158.68410921824182,
62.763657203099996,95.0145812341811,
-49.7812408136591,34.99569732306293,
-70.98709567358266,-26.515648819170508,
21.47557774250444,3.344293714170277,
-68.9355756151969,-46.69255736205264,
71.41921767025784,148.29228653401037,
-28.384736936353278,-1.1080450292646162,
-2.359862186399667,-64.76680145884232,
50.245384363046725,-171.50698623780013,
5.367763938424034,91.39737722321564,
-62.56054279311862,-139.49102358504345,
-51.58600174835636,119.09467873844085,
-41.80330251305842,148.24988329592253,
-64.90245829996027,154.60762591473951,
-19.256587152753227,-97.92549256093491,
1.7495642683488768,-115.03726045272577,
18.81012565937513,131.22039573482215,
24.74307142425775,41.40620193129479,
17.537422991041296,-46.20045098811903,
-86.01167001638686,-40.992506118506185,
-18.740537586111714,136.52766892199486,
-21.9394035291012,-109.33332604723041,
61.635441020038826,-24.909756392550747,
27.044249695525153,159.73192445550904,
-45.87219854930352,-80.64892148157277,
55.56000078844809,149.60176543144206,
53.95847621748871,-153.30522665422808,
-80.63107208496487,-116.97332547278756,
68.61358407172446,38.41368876392701,
5.945650855991175,-35.3121825029109,
-84.53419727253679,13.82032267838835,
-43.84241648523255,140.2922274970593,
13.610943911351328,-53.132609727069394,
28.805487438703892,-75.48439801917725,
-82.34049105562664,148.48490425203943,
-44.99284197257609,95.25992366050849,
6.947091263112469,5.215701426254185,
-2.9746344756595278,70.1887692812538,
-60.848691008268275,-36.60355039707815,
-9.236739210745498,78.21531687969923,
-46.991905369012756,71.41457167307797,
-42.3584794093461,-41.94212663140914,
64.81298058717954,16.364217732759954,
54.24185153765109,173.76299413331543,
31.014269101591992,146.83727763248595,
3.7410981512385177,108.85411698165092,
37.74793455929468,-49.05718527237062,
56.88056321541535,42.04711735691467,
26.651442616472607,162.37109127233953,
46.78231337722082,42.823364606535364,
-38.17131873005518,44.17795426085951,
-64.18624798124338,-116.5214985902602,
-66.76817547566576,81.39153137777322,
28.037994887941935,-141.6154010640716,
68.17388493811444,70.40487173872714,
-33.132276431928034,-28.929494865796784,
13.434763236060306,-28.13555725994098,
27.358914957599637,-66.71501148364045,
58.759385739180686,129.15087075108642,
26.384627154666788,31.654578071510002,
37.99202827181536,-127.39942685430943,
-59.00911701231121,92.94425218461305,
-13.678947815946941,132.01712639784319,
84.31310191264225,-45.413192746578034,
-18.42604145149464,-129.42721760185015,
-2.1397478306044206,-156.31157063193004,
-74.32434717057885,132.53426377604183,
-55.001619257839295,179.372260794694,
-15.373258485133988,88.16055551735616,
-72.63373157265173,-13.551275399355887,
-46.957340746275946,-102.51887838703558,
10.265128462346638,63.031353887665034,
-54.00021375272227,-114.29523521235157,
-44.76250650578317,-127.0341671991836,
-60.64592684361751,73.10905782542318,
-27.758351871557906,-164.22186657845117,
27.223669504727567,113.86669625985479,
54.84616544425296,130.82505574691294,
-45.88237278490686,-88.52198617118617,
-86.50385800752566,177.95375038315916,
-36.14610892594152,111.9131504222139,
43.48072555338615,153.79888964894656,
-75.61660269679739,-84.86389109159687,
-66.75024168275966,-36.60466315330942,
72.02014493083334,133.60015725757341,
-11.058565334771558,-150.01867846573506,
-58.95495231277796,-168.212720804541,
-46.555652479376946,143.10722623988516,
-59.10507407816392,-152.87929538034552,
89.81608319303331,-48.93777991494835,
-4.7473841630715725,-45.052358693854956,
-46.65794227006052,-85.66818706025836,
65.93471663147056,-164.45123078420843,
40.26790824553302,-152.5451760589924,
58.12971119766411,77.42048873028682,
18.567013334300782,-159.4199566668791,
30.422558060868482,-32.258628272387966,
63.248857590949086,-83.88543183049954,
75.83079259897127,-56.966465253123644,
-17.217332204510498,10.140743343618738,
10.264242991182385,-102.02102387624831,
-20.291643079139078,136.25981863015858,
20.65801626500496,-30.132990998674813,
10.589623504029419,61.070092848320115,
-38.823801768933464,55.213850529234406,
-29.52160151846789,-74.13042270298828,
73.69827969248303,140.3271077107209,
-55.902647185732604,133.86724991701288,
44.41407158721938,-154.8378606969731,
-54.006230594775545,-66.5443180542332,
-31.99194262509902,38.51639317955801,
16.226929591999735,-8.742492414294048,
-77.188040853594,39.22315655433741,
30.284254908254738,152.31290013591376,
-10.123571316123218,84.08442813352423,
-41.78558236643174,-30.0332847064484,
66.8792723627543,-24.362577319579202,
38.07095447556324,67.87741607091436,
18.771650925142424,-108.71755226604996,
-53.882682709551304,-129.41788077360357,
76.96734410147846,-23.635594492601825,
-38.350151120545355,158.83219553484662,
-78.95602841244042,178.8031358372266,
-58.129838465306044,-110.36555183350609,
-80.205869815586,8.6643036646079,
72.24372386154579,173.50301007365323,
70.32381381873944,90.76429815073567,
68.68369005895562,75.6478469876858,
-17.45314918513465,-114.73696249629417,
55.95579700213591,17.324171255219483,
-58.5908336259631,-50.33406611280057,
54.23319982554122,-71.36227092304591,
-48.97441663979936,127.81252759231751,
35.23826547785046,-30.785678364035903,
72.49110857104642,-126.41122147435878,
-10.731476676444316,-45.19346878866338,
67.22659458014371,-46.576025545102965,
47.33874836170776,-110.07038048594342,
75.86084088452876,-34.259732749668075,
62.65173681227563,134.5341351567899,
-89.69792447313766,123.2559678106021,
-47.677100496775616,17.93841203380086,
-28.34558919627819,9.730458406925322,
50.80275458015885,-117.37384194766182,
36.44839250071618,-145.80848453855975,
-50.33505193534698,-51.81251691987774,
-88.3673288704275,-96.50660469858322,
39.811098475770365,11.526501586335769,
-27.47545777207916,137.62361134219088,
26.019387529063152,18.690262644366527,
46.09288057541923,120.91343589148107,
14.902036530960203,18.705336485003045,
52.42987690993681,42.96334822922927,
7.636709388298385,-54.17091628078509,
55.66380670229589,57.847333775388364,
-15.825176388393544,172.92894532945024,
-24.75617138011262,152.24243811494352,
34.99114898714018,-55.99857737126267,
8.127248874685364,-67.36123517711091,
-57.258534118664706,145.21655261882586,
83.12010907551365,-64.66420402799562,
-61.79533232117286,110.02258084411437,
55.12189203395468,67.2968422270277,
-38.140375950087765,69.17714997788391,
80.1109228165389,-37.630360547360254,
60.10092236858782,-16.329766458727505,
-61.63210381613624,-80.97015521344082,
-66.05923602551816,-167.83639879143465,
-65.70601019609195,8.058175432921587,
24.366361071575994,31.385816738249048,
-53.613329892277186,-20.61219541986378,
-75.305531716049,139.18226815832446,
40.823174002773214,40.86091959765713,
24.43846076777112,-22.730094741185553,
-82.59043662043742,14.674887020533788,
-58.44986285527379,-115.1695775654036,
34.50641514486989,138.11835879186964,
71.22639364923575,-174.41251461145492,
-15.660622914582646,10.773590289359618,
24.699793280656635,160.84407312660744,
33.29701956853562,84.56222703482803,
-7.774235291282366,-154.73742349911865,
11.007841761320648,-121.52652543420777,
-11.814137557707582,-147.4227848058568,
-42.27119511787219,-136.86799752559753,
5.711190221218843,26.40720335890026,
32.461448521620326,-35.72852891634912,
32.98093258937254,38.59678909310108,
63.32792720427696,61.41248723729561,
49.37408595356567,179.58201298350014,
62.85540378106137,-128.3050441526386,
1.2385185567857349,-28.2549429425176,
-45.109699570660496,123.95821196821669,
72.39534478430505,-168.89340990452126,
-29.356731200784274,70.77904080681935,
-71.36660454785647,-49.815474513696785,
1.358906395014813,72.3116041768071,
12.224679407034017,-166.78646261192122,
55.00375830164819,113.94035534780818,
-35.65247033397206,-141.88228341379855,
49.47802484618532,59.0513369878274,
74.61259567723334,143.69913467690867,
-46.68883323385714,-177.71208540167706,
-68.34311059583547,148.77558946350268,
38.22455987975815,-165.96461477212824,
73.02736118070189,129.23033003929373,
69.43720388688962,-90.08483038785151,
-36.728898536117136,-56.57495586764253,
32.89784292055363,112.70534016808546,
57.618283502194316,105.85640130159749,
-8.052885795937797,-152.32714470605777,
44.68924190969685,-88.74326689944067,
0.005481196928272425,157.75825593769446,
25.966948844394153,-30.432328713173774,
-48.001588975653405,-171.04578358777457,
40.75134866089411,-115.32201633529654,
39.787490368529575,169.85419673376782,
-0.43325584503296,-81.13111950907836,
-70.29731076114746,157.48509633196318,
49.97576851198059,-24.086809801581154,
41.39742467674,159.80982277433003,
51.383072804416116,156.2754691111,
3.4333242295198403,138.49675549347347,
17.02611384324804,-88.42445981206657,
83.56056438262323,145.34212300024706,
42.80959450011608,-60.50455240552378,
10.010874139200112,134.9929615305266,
-67.85003999848365,-42.094925128552546,
85.60844702969538,-69.06398082506146,
19.90719835210888,-3.456925815378213,
66.7692764264163,47.943795573961836,
11.262989287779831,28.742669397376176,
-9.58947617500425,177.71640085160527,
76.0456304672083,-116.23009453958913,
8.595682927009094,-33.05418840260887,
47.79107632652949,-17.48380258473287,
74.51044254909144,43.53760729269854,
-0.811692606341694,-86.45092115270567,
-87.94899133160922,-57.952949094463904,
5.977057420516232,123.87310546818617,
76.32458873698295,127.91119953472861,
-24.522732624137817,-63.804066772691385,
-53.653340898127,107.57349065595395,
9.805592951679827,-133.43045497203286,
-58.52505535268489,20.80126414601088,
86.49581416066198,-30.864619928693656,
-34.87821886683575,10.55232930179318,
-20.41045692697216,166.51786624558082,
-82.89116816355495,123.7721277650059,
1.2798055242804622,-167.83364611987756,
58.66564870038434,103.8484864338273,
-5.127646885525522,-13.366182569602074,
-84.3886490065209,-67.69670658626866,
-62.16096602497176,85.24170677113392,
49.368922052141244,68.60511679807246,
-46.44539940851428,-120.39396914901678,
-24.58008446954736,33.541552853171595,
-12.57744445222005,1.273678471425427,
22.599302380151386,-119.88930542054973,
43.304586251203546,-49.64654226798808,
-20.72931895136351,105.68168662526904,
-40.821718294648605,131.42480806558672,
28.771389790127955,126.13906366237848,
-29.19233775440172,108.91833201657477,
52.04729514829191,143.49572471837246,
57.112820374855744,143.35159673487635,
12.484478182745434,158.41704795562862,
-77.96673490770499,156.76417554841692,
-7.681857269716076,29.783874828184338,
11.70744433526346,-52.81838296727339,
80.09239688080055,-52.674592121698225,
-20.005725805431112,6.946081388234745,
23.98039463030507,9.831714044904373,
84.25016376259671,6.038979226868349,
-42.6938933851357,-122.43189532536,
9.936007517447408,158.6625867434446,
-38.778179670444985,20.01312549082587,
-55.16723513494859,161.96173664706373,
18.446507569545233,168.28989926051457,
44.316090537682754,179.19536029654427,
-30.549946231921588,141.47723600218922,
0.21486489012838206,-166.72096620836848,
-16.499300106057603,88.7095245670136,
-45.51620061653121,71.43462854112471,
-87.81032715284582,53.12884757973964,
74.76895437474772,102.86550671245828,
56.28257548531309,-64.87436287092113,
21.529723543205066,25.022687914190413,
1.423412494906799,73.70793225193802,
57.13136529660733,-127.57407732584596,
-59.576471989541275,-13.17731131325678,
25.809109293673686,85.62034654082822,
10.275137569240584,-2.784303831768568,
-72.97375655323798,81.14938928984998,
79.07059844926533,163.2828393700447,
51.82519171709163,51.30784508785004,
74.17169356479087,19.240179310092202,
79.16603059031556,37.3527068038191,
0.1282746459211097,179.92930655371129,
-4.643374569672218,-87.15358406333903,
21.290354452577134,75.37312469432811,
35.716269265632675,131.04868778938885,
71.95334223090396,157.27649526058946,
74.09074736994432,153.60792094429212,
48.55162389296214,-166.72009193869428,
70.73393207138463,117.82960337914682,
79.3595616708121,-54.33389774778371,
23.14107492967561,54.89244002306373,
41.889151741788965,-100.04118277369705,
35.5811349506683,84.98366976488961,
-17.087523226429155,-133.65706953522582,
5.304015466332032,22.564983730795802,
-61.18245608530834,109.79697484957393,
0.7694411520016899,83.7321327175627,
-37.722080013582044,135.18927496165708,
23.972160852176103,-105.08744504200769,
6.6206767619806755,68.18853794615117,
-13.374164237922813,-139.9231113821304,
-22.398488510600885,82.99343464130118,
-25.797308475861314,154.51717252735483,
-86.83551492734833,68.80340268078479,
43.52419227772498,-17.064672170966446,
-52.14008428868003,50.7645969457314,
43.20741442197661,-58.972127935031295,
-34.02023261918954,-25.960721101579537,
27.610078827827166,70.45347638386787,
-54.713764209121265,-130.6380128729038,
23.425363634359385,30.51041712331667,
-39.3836603412603,-171.82027869753549,
68.69318244643955,-136.71233878150787,
-76.75778290540174,28.526376971688904,
-32.62857722826431,-90.96357637649365,
-82.01368470833762,-118.07084980990925,
50.25188576797271,120.92988363929283,
-41.051789585833326,-104.78811029101291,
-47.83974517481103,50.44655023368094,
6.717227293614513,-17.929505751911393,
6.951325744583443,40.70848555519947,
21.83031970389368,-89.90799561724528,
76.07170175907916,130.69320117354567,
-17.109942837825912,-14.167595437769165,
51.65984270471344,-177.5237210520073,
2.3637329377459224,61.35312891153279,
-41.13870573794163,-61.594781583487844,
44.69294667916077,179.64041922657208,
-66.58620559312612,178.0144253910163,
-12.715459216226364,173.74363780460823,
12.455733690841484,85.45472848867388,
81.15397521434966,155.80892196868308,
24.229533047554654,81.65799009077045,
-16.83062747516705,-147.7568492415596,
-63.93300601036134,176.52725941900053,
21.287095207397215,148.10373988236807,
-12.380261173515805,146.54714234063482,
25.918324624062237,-98.33365503557822,
75.36123007189187,-59.51916188802633,
6.0281149587218295,101.0825541475345,
61.67392852269964,-57.314189306535226,
-45.709729488273034,-92.98044589577036,
-34.55547073526131,14.568893046075857,
-0.6971352326246745,12.907199265161125,
89.68671324915113,13.92483867802099,
18.70291176385983,118.94299457880078,
-4.338197539407787,67.7010880922441,
-66.65488181282332,98.58788948114233,
-26.64447973361814,-155.7187765800282,
-25.264195052288727,3.796216210932613,
-77.11385640817612,-46.05994450149771,
-87.21635323716387,68.28503833396044,
3.0914643214681803,8.858190852127535,
66.14616020731091,-74.94582694888199,
67.3071164352379,-29.242665058509345,
41.57654930871897,-154.13227396761786,
62.53153864731101,18.206782397319984,
11.250915521671473,-114.0857960358577,
-73.54934185643032,-80.42091919414364,
-24.050403176996184,110.18537069348554,
-62.408759444991645,-22.130387681933883,
31.254304568500856,-54.619896825428754,
-49.87979360630005,-6.174606316621947,
-8.44728266446306,107.23954391835525,
-36.189634742598095,-141.30163632895744,
15.399516976844922,162.34383465484137,
33.4552914074205,-30.454300147232345,
3.0569518974832164,-71.67486407242514,
-60.97036212973976,164.26119642154094,
-22.700233259636263,158.15548428349507,
-67.86742104525851,-27.72258516640457,
-62.82747666484188,105.89995275170611,
14.844403428425196,61.7076531471001,
-26.29288146342673,157.76246197050085,
-76.98019643814982,48.40548224510874,
20.74138461718907,16.72667931273901,
-47.03680451144539,-100.27282733325333,
7.747668450152688,-71.32493186009852,
8.226765840159857,137.82177841904365,
23.233016507744253,12.651382395261521,
-19.71785187178837,15.258203895662604,
39.79033020235974,-174.15172437519365,
83.24486241217343,-63.083630373241206,
-59.81196302345475,-146.9161127960563,
65.93384710810722,-18.880180396058165,
76.44366824899748,142.04302627314433,
59.14956764468175,62.684673234706,
-22.08824398846332,-86.00916266399915,
8.526803293000455,-109.55110160550096,
67.9041254456994,132.93724086182294,
30.972875124233923,154.84018460025908,
-17.782932919755268,3.9693293692697296,
23.32068366314222,-53.49531304791002,
-35.62920471902475,-119.1039746686249,
-25.9348557892925,-164.96740053817203,
55.1870203656822,-2.7246784102954393,
-34.99058992272496,23.321230477645997,
-2.01241789552752,106.06948230232285,
59.9496343327599,124.143547020298,
-26.764975365263773,61.690872794154586,
19.24937981214096,-133.35209221117918,
-1.2974887550864196,-125.70520195462096,
88.72299506598674,134.15335242883833,
47.40919810531224,-53.234452550398146,
14.354254112682568,-67.48876690873688,
-26.862347229223133,96.56686851392243,
-51.8160038572026,-9.43328163418181,
-65.10531631907529,-156.74600588272264,
78.11303333600739,146.20947955972343,
-41.387881878223176,39.91042512649963,
-51.00222345836662,-105.20774278145437,
-77.62073060725861,125.48665617448319,
-85.07823738531538,128.8915322265645,
-36.969434869277954,141.88521912619302,
-31.55451712106605,-17.42672784377143,
6.688328825812874,104.07538555325863,
32.62848329256239,-14.55636709855358,
4.633717103572181,-158.97736431729695,
-21.05617317437843,98.83376674189503,
-67.49887594959972,-23.254494558834182,
33.14660155846404,-112.36736459242238,
-72.26354445397462,123.67521309130137,
59.73610751797946,22.188889152604617,
9.186363209771244,21.505924094080342,
-18.280215409815554,-140.4425245972986,
-13.6389701784735,71.59672767391831,
